agent_call_id,script,aht_sec,team,team_aht_sec,region,complaint_type
1,Old,297.0,Team A,282.0,East,Network
2,Old,432.5,Team A,283.4,East,Other
3,Old,385.5,Team A,287.2,North,Other
4,Old,391.6,Team A,258.2,West,Network
5,Old,264.1,Team A,289.6,North,Billing
6,Old,338.2,Team A,313.3,East,Network
7,Old,431.3,Team A,277.5,West,Network
8,Old,391.7,Team A,348.1,East,Billing
9,Old,307.5,Team A,228.0,West,Other
10,Old,385.1,Team A,255.1,South,Network
11,Old,260.9,Team A,356.3,South,Other
12,Old,286.5,Team A,424.6,East,Billing
13,Old,225.0,Team A,333.9,East,Other
14,Old,331.2,Team A,274.1,South,Network
15,Old,375.9,Team A,258.8,North,Billing
16,Old,280.1,Team A,299.4,South,Other
17,Old,332.4,Team A,389.7,East,Other
18,Old,287.6,Team A,348.3,South,Network
19,Old,302.5,Team A,252.0,West,Other
20,Old,275.2,Team A,339.9,West,Network
21,Old,412.4,Team A,398.9,East,Network
22,Old,296.5,Team A,384.9,South,Billing
23,Old,323.0,Team A,393.2,North,Network
24,Old,306.4,Team A,364.0,West,Billing
25,Old,356.8,Team A,249.5,West,Network
26,Old,487.4,Team A,275.6,East,Billing
27,Old,505.1,Team A,415.7,North,Other
28,Old,324.8,Team A,301.3,North,Other
29,Old,363.0,Team A,215.7,East,Other
30,Old,395.7,Team A,353.4,North,Network
31,Old,413.4,Team A,378.4,East,Billing
32,Old,376.2,Team A,315.6,North,Network
33,Old,404.4,Team A,350.2,South,Network
34,Old,362.8,Team A,274.4,South,Network
35,Old,300.3,Team A,294.5,East,Network
36,Old,404.1,Team A,220.5,North,Billing
37,Old,346.4,Team A,261.0,East,Network
38,Old,358.2,Team A,399.0,South,Billing
39,Old,256.8,Team A,137.7,South,Billing
40,Old,292.0,Team A,298.7,West,Billing
41,Old,315.1,Team A,290.6,North,Network
42,Old,369.8,Team A,352.7,South,Billing
43,Old,445.9,Team A,202.7,West,Network
44,Old,384.9,Team A,278.0,South,Other
45,Old,327.2,Team A,287.6,South,Billing
46,Old,278.9,Team A,342.3,North,Billing
47,Old,413.0,Team A,319.5,North,Other
48,Old,357.3,Team A,228.9,South,Other
49,Old,146.1,Team A,301.4,East,Network
50,Old,400.7,Team A,277.2,South,Network
51,Old,360.6,Team A,345.5,East,Billing
52,Old,209.2,Team A,306.5,North,Other
53,Old,375.4,Team A,416.2,East,Other
54,Old,343.2,Team A,283.5,West,Billing
55,Old,259.1,Team A,288.8,East,Billing
56,Old,460.4,Team A,290.7,East,Billing
57,Old,364.4,Team A,309.4,West,Billing
58,Old,309.0,Team A,366.3,West,Billing
59,Old,291.0,Team A,295.7,North,Billing
60,Old,326.5,Team A,298.2,East,Network
61,Old,328.5,Team B,364.6,East,Other
62,Old,372.6,Team B,293.0,North,Other
63,Old,323.6,Team B,379.7,South,Network
64,Old,313.2,Team B,324.2,East,Other
65,Old,347.5,Team B,295.3,East,Network
66,Old,311.8,Team B,243.8,North,Network
67,Old,331.0,Team B,284.4,North,Network
68,Old,420.8,Team B,333.6,North,Other
69,Old,308.9,Team B,339.9,East,Billing
70,Old,327.4,Team B,329.4,North,Network
71,Old,289.2,Team B,263.6,East,Billing
72,Old,401.3,Team B,333.4,West,Network
73,Old,233.6,Team B,259.6,West,Other
74,Old,285.2,Team B,275.2,East,Network
75,Old,377.8,Team B,404.7,East,Other
76,Old,326.0,Team B,337.6,West,Other
77,Old,388.0,Team B,368.2,West,Network
78,Old,323.4,Team B,422.0,East,Billing
79,Old,294.7,Team B,340.1,West,Billing
80,Old,327.7,Team B,396.1,North,Other
81,Old,257.5,Team B,364.5,South,Network
82,Old,285.5,Team B,303.7,East,Network
83,Old,389.8,Team B,335.3,West,Billing
84,Old,319.5,Team B,301.9,North,Billing
85,Old,333.2,Team B,376.8,South,Network
86,Old,342.5,Team B,398.0,North,Billing
87,Old,240.9,Team B,268.0,South,Network
88,Old,241.5,Team B,294.8,South,Other
89,Old,357.9,Team B,323.5,South,Billing
90,Old,310.4,Team B,298.3,North,Network
91,Old,321.8,Team B,330.3,East,Billing
92,Old,371.9,Team B,363.1,East,Network
93,Old,278.9,Team B,413.9,North,Network
94,Old,301.0,Team B,315.4,East,Billing
95,Old,313.8,Team B,312.8,South,Network
96,Old,355.2,Team B,363.6,East,Network
97,Old,313.4,Team B,340.3,South,Other
98,Old,297.0,Team B,257.4,West,Billing
99,Old,436.6,Team B,295.7,East,Other
100,Old,337.4,Team B,323.8,South,Network
101,Old,374.3,Team B,385.8,South,Billing
102,Old,226.4,Team B,404.0,East,Billing
103,Old,257.7,Team B,284.6,North,Other
104,Old,370.1,Team B,300.6,South,Billing
105,Old,320.5,Team B,390.4,South,Network
106,Old,311.8,Team B,317.5,North,Other
107,Old,278.0,Team B,362.5,North,Other
108,Old,393.5,Team B,332.3,West,Billing
109,Old,374.3,Team B,344.6,West,Billing
110,Old,331.1,Team B,320.0,East,Billing
111,Old,349.7,Team B,404.2,East,Billing
112,Old,316.7,Team B,257.5,East,Network
113,Old,294.0,Team B,321.0,East,Network
114,Old,303.9,Team B,399.1,South,Network
115,Old,380.9,Team B,331.0,East,Other
116,Old,311.3,Team B,336.4,West,Billing
117,Old,338.4,Team B,395.1,North,Billing
118,Old,309.2,Team B,367.8,East,Other
119,Old,391.4,Team B,388.8,North,Other
120,Old,296.0,Team B,408.1,North,Other
121,New,409.6,Team C,237.8,East,Other
122,New,283.6,Team C,292.0,South,Network
123,New,283.7,Team C,271.8,East,Other
124,New,438.2,Team C,334.8,South,Other
125,New,254.0,Team C,374.1,East,Network
126,New,315.8,Team C,179.4,South,Network
127,New,378.7,Team C,229.8,East,Billing
128,New,225.4,Team C,202.8,North,Other
129,New,333.5,Team C,269.2,North,Network
130,New,225.7,Team C,318.2,South,Other
131,New,320.2,Team C,404.7,East,Billing
132,New,440.2,Team C,243.5,North,Billing
133,New,176.9,Team C,447.0,West,Billing
134,New,313.5,Team C,344.1,North,Other
135,New,290.7,Team C,346.1,West,Other
136,New,257.6,Team C,354.4,East,Other
137,New,226.2,Team C,237.3,South,Network
138,New,383.9,Team C,282.5,East,Billing
139,New,329.9,Team C,258.7,South,Other
140,New,206.5,Team C,350.3,South,Network
141,New,261.5,Team C,264.9,West,Billing
142,New,285.1,Team C,302.8,West,Other
143,New,223.7,Team C,277.9,South,Billing
144,New,323.3,Team C,393.1,North,Billing
145,New,333.3,Team C,281.0,South,Network
146,New,332.5,Team C,253.9,East,Network
147,New,439.2,Team C,340.9,East,Other
148,New,261.6,Team C,311.0,East,Other
149,New,289.6,Team C,391.7,North,Billing
150,New,286.4,Team C,331.3,East,Billing
151,New,369.3,Team C,329.5,South,Network
152,New,362.7,Team C,362.8,South,Network
153,New,250.2,Team C,339.8,West,Other
154,New,404.7,Team C,358.1,East,Billing
155,New,263.5,Team C,353.4,South,Billing
156,New,369.2,Team C,296.5,South,Billing
157,New,365.6,Team C,248.5,East,Billing
158,New,341.9,Team C,304.8,North,Billing
159,New,298.2,Team C,204.2,West,Network
160,New,299.3,Team C,274.0,North,Other
161,New,346.9,Team C,292.8,North,Other
162,New,349.6,Team C,385.9,South,Billing
163,New,360.6,Team C,306.2,West,Billing
164,New,360.6,Team C,411.0,South,Network
165,New,338.5,Team C,340.5,East,Billing
166,New,402.8,Team C,224.9,North,Network
167,New,282.0,Team C,377.7,South,Network
168,New,320.5,Team C,371.9,North,Other
169,New,284.5,Team C,222.3,North,Billing
170,New,464.6,Team C,354.5,East,Billing
171,New,363.9,Team C,394.1,East,Billing
172,New,378.8,Team C,196.8,East,Network
173,New,344.8,Team C,255.4,West,Billing
174,New,314.6,Team C,366.9,West,Billing
175,New,478.2,Team C,305.0,West,Billing
176,New,390.9,Team C,396.3,East,Billing
177,New,298.8,Team C,367.1,West,Other
178,New,301.7,Team C,361.0,North,Other
179,New,331.3,Team C,379.6,West,Network
180,New,285.6,Team C,270.4,North,Other
181,New,297.1,Team D,283.4,West,Billing
182,New,226.8,Team D,407.5,East,Other
183,New,174.3,Team D,281.2,North,Network
184,New,436.6,Team D,360.6,South,Billing
185,New,287.6,Team D,289.6,North,Network
186,New,299.8,Team D,258.3,East,Network
187,New,322.1,Team D,246.2,North,Billing
188,New,359.8,Team D,330.9,East,Other
189,New,364.6,Team D,372.2,North,Billing
190,New,379.7,Team D,327.4,East,Other
191,New,352.5,Team D,314.5,North,Other
192,New,301.9,Team D,237.3,South,Network
193,New,393.9,Team D,300.5,South,Network
194,New,307.3,Team D,310.4,North,Billing
195,New,379.9,Team D,252.1,South,Network
196,New,225.6,Team D,324.4,East,Billing
197,New,396.1,Team D,262.6,South,Billing
198,New,264.5,Team D,278.9,North,Billing
199,New,231.0,Team D,343.1,South,Billing
200,New,240.1,Team D,388.5,South,Other
201,New,330.2,Team D,383.7,West,Other
202,New,455.2,Team D,292.8,North,Billing
203,New,306.2,Team D,330.8,South,Billing
204,New,311.3,Team D,335.6,East,Other
205,New,364.1,Team D,335.2,South,Billing
206,New,283.5,Team D,307.7,West,Other
207,New,309.0,Team D,372.0,West,Network
208,New,297.1,Team D,267.0,South,Network
209,New,436.0,Team D,238.0,East,Billing
210,New,322.5,Team D,320.3,South,Network
211,New,362.9,Team D,283.7,West,Other
212,New,275.3,Team D,406.3,East,Billing
213,New,249.7,Team D,275.2,East,Other
214,New,357.8,Team D,357.7,South,Network
215,New,333.2,Team D,326.9,South,Other
216,New,379.8,Team D,223.9,South,Network
217,New,264.8,Team D,333.5,South,Network
218,New,312.5,Team D,265.0,West,Other
219,New,240.7,Team D,433.0,South,Other
220,New,288.3,Team D,257.5,West,Other
221,New,231.3,Team D,250.2,North,Billing
222,New,300.9,Team D,180.9,East,Other
223,New,396.5,Team D,258.8,West,Network
224,New,266.5,Team D,340.9,North,Network
225,New,265.8,Team D,244.2,North,Other
226,New,308.0,Team D,329.2,South,Billing
227,New,307.0,Team D,315.1,South,Network
228,New,364.2,Team D,247.3,North,Billing
229,New,240.1,Team D,294.4,East,Network
230,New,167.8,Team D,249.1,East,Billing
231,New,321.8,Team D,348.2,West,Billing
232,New,419.4,Team D,200.7,South,Network
233,New,306.4,Team D,341.5,West,Billing
234,New,341.8,Team D,261.2,South,Billing
235,New,313.2,Team D,307.3,West,Billing
236,New,362.7,Team D,326.6,West,Billing
237,New,300.3,Team D,308.7,South,Network
238,New,313.6,Team D,414.3,West,Billing
239,New,416.3,Team D,278.0,East,Billing
240,New,386.6,Team D,225.7,South,Network
