customer_id,region,contract_type,tenure_months,monthly_charges,complaints_6m,support_calls_6m,recency_days,frequency_12m,spend_12m,churned
C00001,West,Monthly,45,854.0,0,1,10,10,7716.0,0
C00002,South,Monthly,28,609.0,1,4,40,7,4143.0,1
C00003,East,Monthly,35,367.0,2,6,37,12,4208.0,0
C00004,East,Annual,13,609.0,1,4,41,11,8088.0,0
C00005,North,Monthly,68,745.0,2,6,45,7,6753.0,0
C00006,South,Annual,53,661.0,0,2,87,13,8180.0,0
C00007,West,Monthly,8,764.0,0,2,58,13,8203.0,0
C00008,North,Monthly,34,805.0,0,4,7,5,4672.0,0
C00009,East,Monthly,33,746.0,3,3,66,9,6984.0,1
C00010,West,Two-year,63,600.0,1,4,12,15,9152.0,0
C00011,South,Monthly,54,744.0,0,2,24,11,7984.0,0
C00012,South,Monthly,63,1052.0,1,0,15,6,6534.0,0
C00013,South,Monthly,34,382.0,0,6,66,8,2653.0,0
C00014,West,Two-year,12,738.0,0,0,39,14,11428.0,0
C00015,South,Monthly,52,980.0,0,1,16,7,8677.0,0
C00016,South,Annual,16,439.0,1,4,2,6,3318.0,0
C00017,North,Monthly,46,830.0,0,1,44,9,8733.0,0
C00018,West,Monthly,30,854.0,0,2,8,13,11043.0,0
C00019,West,Annual,25,384.0,4,5,52,10,4841.0,0
C00020,East,Annual,9,778.0,0,2,106,8,7032.0,1
C00021,West,Annual,57,601.0,1,1,70,13,8218.0,0
C00022,East,Monthly,49,639.0,1,3,32,7,4214.0,1
C00023,West,Two-year,25,592.0,1,6,10,3,2091.0,0
C00024,North,Annual,53,886.0,2,6,18,10,10620.0,0
C00025,North,Two-year,71,630.0,3,6,79,6,4080.0,1
C00026,West,Monthly,52,567.0,1,1,29,12,6416.0,0
C00027,South,Monthly,68,570.0,2,5,10,6,3401.0,0
C00028,South,Monthly,34,589.0,1,1,11,6,3929.0,0
C00029,West,Annual,27,456.0,2,8,29,13,5403.0,0
C00030,East,Annual,60,565.0,0,1,45,3,1755.0,0
C00031,South,Monthly,48,671.0,0,0,6,7,3857.0,0
C00032,South,Monthly,44,723.0,1,1,45,12,10434.0,0
C00033,South,Monthly,46,867.0,1,3,46,7,6014.0,1
C00034,North,Monthly,71,693.0,0,1,16,4,2835.0,0
C00035,North,Annual,49,565.0,0,0,40,8,5617.0,0
C00036,South,Monthly,58,468.0,0,1,18,15,7007.0,0
C00037,West,Monthly,3,703.0,4,5,12,10,7294.0,1
C00038,South,Monthly,52,629.0,2,4,28,3,1788.0,0
C00039,South,Monthly,23,635.0,1,2,4,11,8407.0,1
C00040,East,Two-year,9,697.0,0,0,12,11,7806.0,0
C00041,North,Monthly,20,743.0,0,5,95,17,13148.0,1
C00042,South,Two-year,60,699.0,1,5,98,4,2925.0,0
C00043,North,Annual,59,619.0,1,3,3,6,4227.0,0
C00044,East,Annual,22,506.0,1,3,4,12,6501.0,0
C00045,North,Monthly,14,540.0,0,1,2,6,3296.0,1
C00046,South,Annual,30,803.0,0,5,1,10,9053.0,0
C00047,South,Annual,24,574.0,1,2,66,7,4495.0,0
C00048,West,Monthly,33,408.0,0,1,32,13,6127.0,1
C00049,East,Two-year,56,859.0,0,1,23,14,12445.0,1
C00050,West,Monthly,24,480.0,0,4,57,9,5574.0,0
C00051,East,Monthly,13,656.0,2,1,55,16,11417.0,0
C00052,South,Monthly,8,738.0,2,1,37,7,6194.0,0
C00053,North,Annual,49,651.0,0,2,109,13,8741.0,1
C00054,North,Monthly,15,204.0,0,1,26,11,2173.0,0
C00055,North,Monthly,16,720.0,0,1,36,10,7648.0,0
C00056,North,Monthly,58,889.0,2,3,45,17,16452.0,0
C00057,South,Monthly,7,792.0,0,3,31,10,7558.0,0
C00058,East,Monthly,47,268.0,1,3,41,9,2839.0,1
C00059,East,Two-year,1,1033.0,0,4,14,10,10473.0,0
C00060,South,Monthly,67,411.0,0,1,51,14,6504.0,0
C00061,South,Two-year,51,456.0,3,6,2,10,4305.0,0
C00062,North,Annual,59,791.0,0,0,33,11,9068.0,0
C00063,South,Annual,48,732.0,1,1,5,11,7861.0,0
C00064,South,Two-year,29,664.0,2,6,1,8,5362.0,0
C00065,South,Monthly,71,548.0,2,3,5,11,6860.0,0
C00066,North,Annual,56,890.0,0,3,21,11,8598.0,0
C00067,West,Monthly,7,643.0,0,6,137,8,4746.0,1
C00068,South,Monthly,41,368.0,2,4,87,10,3606.0,1
C00069,South,Monthly,39,872.0,0,1,14,5,4083.0,0
C00070,North,Annual,21,689.0,1,4,257,8,4890.0,0
C00071,North,Annual,33,851.0,0,2,11,11,11313.0,0
C00072,South,Monthly,70,753.0,0,4,19,9,5972.0,0
C00073,West,Annual,7,1080.0,2,4,28,5,6053.0,0
C00074,North,Monthly,66,594.0,2,10,8,10,6092.0,0
C00075,South,Monthly,50,653.0,2,2,16,10,5758.0,0
C00076,West,Monthly,8,780.0,1,8,40,13,9615.0,0
C00077,South,Annual,22,595.0,2,7,8,6,3051.0,0
C00078,South,Monthly,60,794.0,3,6,10,13,8752.0,1
C00079,East,Monthly,50,199.0,0,4,60,9,1754.0,0
C00080,South,Monthly,6,637.0,0,3,44,17,12752.0,0
C00081,West,Annual,11,631.0,0,4,19,7,4412.0,0
C00082,North,Annual,66,625.0,3,4,15,6,4067.0,0
C00083,West,Monthly,12,492.0,4,8,44,12,5101.0,1
C00084,North,Annual,45,813.0,0,1,79,9,9078.0,0
C00085,West,Annual,71,559.0,0,3,60,10,5395.0,0
C00086,West,Monthly,12,686.0,0,3,47,12,7365.0,1
C00087,West,Monthly,4,643.0,0,3,33,13,8165.0,1
C00088,West,Two-year,59,740.0,1,3,35,3,2852.0,0
C00089,East,Monthly,68,908.0,0,0,31,10,10124.0,0
C00090,North,Monthly,37,685.0,0,3,84,10,5894.0,1
C00091,North,Two-year,17,801.0,2,1,26,8,5645.0,0
C00092,South,Annual,5,676.0,4,10,20,9,7187.0,0
C00093,South,Annual,65,559.0,1,2,81,7,4784.0,0
C00094,South,Annual,57,625.0,1,3,101,12,6309.0,0
C00095,East,Monthly,64,599.0,0,1,7,10,5672.0,0
C00096,East,Annual,56,752.0,4,8,141,8,4955.0,1
C00097,West,Monthly,31,669.0,2,4,100,6,3461.0,0
C00098,South,Two-year,35,507.0,0,1,43,7,3084.0,0
C00099,West,Monthly,28,610.0,1,2,22,12,7456.0,1
C00100,East,Monthly,52,375.0,2,5,20,7,2117.0,0
C00101,West,Monthly,8,617.0,3,7,65,12,8564.0,1
C00102,West,Annual,3,650.0,2,3,46,11,7162.0,0
C00103,North,Monthly,69,976.0,0,1,19,7,6836.0,0
C00104,North,Annual,23,893.0,0,1,13,6,6863.0,0
C00105,West,Monthly,3,464.0,0,3,64,8,3584.0,0
C00106,East,Monthly,48,686.0,1,4,14,10,5630.0,0
C00107,West,Annual,29,689.0,2,2,45,8,5525.0,1
C00108,West,Monthly,17,609.0,0,0,31,12,7553.0,0
C00109,East,Annual,31,620.0,3,8,77,6,3851.0,0
C00110,West,Two-year,32,586.0,3,7,78,6,3628.0,0
C00111,West,Annual,44,987.0,0,2,14,7,6682.0,0
C00112,West,Monthly,67,575.0,1,5,54,10,6170.0,0
C00113,South,Monthly,63,711.0,0,1,13,10,8783.0,0
C00114,North,Two-year,59,199.0,0,5,6,11,2143.0,0
C00115,North,Annual,35,798.0,1,2,62,11,9371.0,0
C00116,South,Annual,40,863.0,3,8,38,10,10561.0,0
C00117,West,Monthly,10,461.0,2,3,4,16,7371.0,0
C00118,West,Annual,41,558.0,1,3,9,10,4844.0,0
C00119,South,Monthly,48,731.0,2,0,7,8,5943.0,0
C00120,South,Annual,63,654.0,2,3,15,9,6194.0,0
C00121,South,Two-year,4,734.0,1,4,45,6,5436.0,0
C00122,West,Two-year,62,598.0,2,3,48,8,5868.0,0
C00123,East,Monthly,37,985.0,1,0,32,9,10498.0,0
C00124,North,Annual,7,529.0,0,3,32,11,5769.0,1
C00125,South,Monthly,71,1134.0,0,1,99,11,11706.0,0
C00126,South,Monthly,34,874.0,1,3,68,9,8029.0,0
C00127,South,Annual,30,800.0,0,3,56,6,4607.0,0
C00128,West,Monthly,14,463.0,3,4,176,8,4778.0,1
C00129,West,Monthly,6,814.0,0,2,81,10,6856.0,1
C00130,North,Annual,6,759.0,1,4,28,7,5594.0,1
C00131,North,Annual,19,268.0,2,8,25,8,2127.0,0
C00132,South,Annual,21,397.0,1,2,60,6,2826.0,0
C00133,North,Monthly,33,714.0,0,1,140,6,4705.0,1
C00134,South,Annual,44,626.0,1,7,10,12,6236.0,0
C00135,North,Monthly,71,557.0,0,5,27,9,5698.0,0
C00136,North,Monthly,57,844.0,1,3,2,15,13246.0,0
C00137,West,Monthly,35,491.0,3,4,33,7,3809.0,1
C00138,North,Annual,65,568.0,2,4,18,9,4324.0,0
C00139,West,Monthly,40,534.0,0,1,10,7,3943.0,1
C00140,South,Monthly,31,742.0,0,0,4,9,7107.0,0
C00141,South,Two-year,16,340.0,0,0,71,5,1484.0,0
C00142,North,Two-year,30,560.0,1,1,32,12,7441.0,0
C00143,North,Annual,3,340.0,2,5,66,7,2986.0,0
C00144,South,Annual,11,594.0,2,7,10,6,2896.0,0
C00145,West,Two-year,68,780.0,0,4,10,10,7226.0,0
C00146,West,Annual,14,783.0,1,2,1,6,4531.0,0
C00147,North,Monthly,41,519.0,2,4,15,14,7790.0,0
C00148,North,Annual,8,746.0,3,5,90,13,11347.0,1
C00149,North,Two-year,43,617.0,1,4,10,12,8370.0,0
C00150,West,Annual,70,895.0,1,2,13,7,6459.0,0
C00151,North,Monthly,33,627.0,1,4,4,8,6420.0,0
C00152,North,Two-year,10,199.0,1,4,116,14,2705.0,0
C00153,West,Annual,2,811.0,1,4,10,14,13534.0,1
C00154,West,Monthly,54,567.0,2,4,22,7,4815.0,0
C00155,East,Two-year,8,601.0,4,5,40,12,6134.0,1
C00156,North,Annual,23,710.0,5,7,8,10,5836.0,1
C00157,South,Annual,60,394.0,1,2,136,15,7643.0,0
C00158,North,Two-year,39,663.0,1,3,7,10,6492.0,0
C00159,East,Monthly,62,746.0,2,0,5,7,5923.0,0
C00160,West,Annual,62,716.0,0,3,13,9,5249.0,0
C00161,North,Monthly,47,542.0,0,4,8,10,6406.0,0
C00162,West,Two-year,67,829.0,1,2,5,9,7283.0,0
C00163,South,Two-year,3,470.0,0,4,20,9,4613.0,0
C00164,West,Annual,18,537.0,0,2,37,10,4425.0,0
C00165,North,Annual,20,626.0,0,1,11,10,5346.0,0
C00166,South,Annual,65,703.0,0,2,21,12,10221.0,0
C00167,North,Monthly,45,592.0,0,1,81,12,7652.0,0
C00168,East,Monthly,18,871.0,3,7,30,6,6211.0,1
C00169,North,Monthly,15,703.0,0,3,12,12,7429.0,0
C00170,South,Annual,58,664.0,0,1,24,12,7680.0,0
C00171,West,Annual,61,697.0,1,4,5,5,4271.0,0
C00172,East,Annual,2,782.0,0,4,76,7,5983.0,0
C00173,East,Monthly,26,693.0,1,4,19,13,10221.0,0
C00174,East,Annual,39,324.0,1,3,7,10,2926.0,0
C00175,East,Monthly,17,846.0,1,3,23,10,9119.0,1
C00176,East,Two-year,52,672.0,0,2,28,7,5490.0,0
C00177,South,Two-year,54,773.0,1,1,41,4,2741.0,0
C00178,North,Monthly,60,577.0,0,1,15,10,5480.0,1
C00179,South,Annual,56,321.0,1,3,15,9,2324.0,1
C00180,North,Monthly,60,240.0,0,4,28,12,3691.0,1
C00181,South,Monthly,26,480.0,2,0,5,11,6589.0,0
C00182,South,Annual,22,743.0,2,6,85,13,8172.0,1
C00183,North,Annual,23,884.0,1,6,14,9,9676.0,1
C00184,West,Monthly,61,704.0,1,4,5,7,5288.0,0
C00185,East,Monthly,47,461.0,0,1,75,4,2364.0,0
C00186,South,Monthly,23,509.0,2,2,71,12,6442.0,1
C00187,West,Monthly,52,895.0,2,4,243,7,5660.0,1
C00188,North,Monthly,17,414.0,0,5,72,10,5084.0,1
C00189,North,Monthly,19,1028.0,0,4,11,12,15655.0,0
C00190,North,Two-year,1,988.0,1,2,45,13,13683.0,1
C00191,South,Monthly,69,1034.0,0,1,26,11,11418.0,0
C00192,North,Monthly,17,719.0,0,2,110,8,6831.0,1
C00193,West,Monthly,54,589.0,0,1,125,10,4960.0,0
C00194,South,Monthly,9,714.0,1,2,18,13,11337.0,1
C00195,South,Annual,3,814.0,0,3,16,7,7011.0,0
C00196,South,Monthly,48,533.0,0,2,55,10,5052.0,0
C00197,South,Monthly,7,452.0,0,5,1,8,2913.0,0
C00198,East,Two-year,11,599.0,0,4,20,12,5786.0,0
C00199,East,Annual,24,511.0,0,2,115,5,3293.0,0
C00200,West,Monthly,42,873.0,1,4,23,6,6234.0,0
C00201,East,Monthly,2,539.0,0,0,14,10,5279.0,0
C00202,South,Annual,9,667.0,2,5,17,8,6642.0,1
C00203,South,Annual,24,827.0,1,0,6,6,6183.0,0
C00204,East,Two-year,51,880.0,0,0,83,11,12140.0,0
C00205,South,Monthly,7,688.0,0,2,12,4,2892.0,0
C00206,South,Annual,21,719.0,0,0,12,10,8702.0,1
C00207,North,Monthly,14,467.0,5,7,27,6,2294.0,1
C00208,East,Monthly,22,834.0,2,2,25,9,6605.0,0
C00209,North,Annual,19,877.0,3,6,34,8,7831.0,0
C00210,West,Annual,46,313.0,2,3,128,7,1867.0,0
C00211,North,Monthly,5,967.0,0,0,38,12,9535.0,0
C00212,South,Monthly,67,524.0,0,2,5,10,4476.0,0
C00213,North,Annual,18,757.0,0,0,63,8,6221.0,0
C00214,North,Monthly,71,664.0,2,3,37,5,3467.0,0
C00215,South,Monthly,52,639.0,0,1,33,9,7264.0,0
C00216,East,Monthly,26,613.0,0,1,118,8,4957.0,0
C00217,North,Monthly,22,471.0,2,8,126,4,1992.0,1
C00218,North,Annual,68,744.0,0,2,98,9,8089.0,0
C00219,North,Monthly,71,599.0,0,3,2,4,2893.0,0
C00220,South,Monthly,44,414.0,2,2,41,8,3190.0,1
C00221,West,Annual,4,464.0,0,4,22,4,2157.0,1
C00222,South,Monthly,65,417.0,0,1,39,8,4146.0,0
C00223,West,Annual,34,556.0,0,2,13,9,6063.0,0
C00224,South,Monthly,2,737.0,0,0,16,4,2842.0,0
C00225,South,Annual,57,522.0,1,3,28,10,6107.0,1
C00226,West,Annual,3,826.0,1,2,51,8,7724.0,0
C00227,North,Annual,27,629.0,0,4,34,12,6952.0,0
C00228,West,Monthly,6,598.0,2,4,26,7,4751.0,1
C00229,South,Annual,32,653.0,1,1,8,12,6613.0,0
C00230,South,Annual,58,901.0,0,3,1,10,8443.0,0
C00231,West,Monthly,10,403.0,0,1,27,7,2297.0,0
C00232,South,Monthly,10,948.0,1,1,9,8,6564.0,0
C00233,West,Monthly,68,823.0,1,3,10,10,7022.0,0
C00234,West,Monthly,13,646.0,1,6,6,9,7403.0,0
C00235,North,Monthly,8,863.0,0,2,31,9,6850.0,0
C00236,South,Two-year,42,592.0,1,4,12,8,3961.0,0
C00237,West,Two-year,20,701.0,1,1,26,4,3295.0,0
C00238,North,Monthly,68,553.0,2,3,138,7,4352.0,1
C00239,East,Two-year,12,824.0,0,0,51,10,9213.0,1
C00240,North,Annual,41,523.0,1,0,114,15,9775.0,0
C00241,North,Monthly,66,641.0,0,1,20,5,3632.0,1
C00242,South,Two-year,53,772.0,0,2,33,12,10507.0,0
C00243,East,Annual,3,839.0,1,3,43,11,9492.0,0
C00244,East,Annual,14,502.0,0,2,3,5,2718.0,0
C00245,East,Monthly,9,786.0,0,1,24,8,7439.0,1
C00246,North,Monthly,65,473.0,0,1,132,14,6487.0,0
C00247,South,Two-year,15,263.0,0,0,80,13,2797.0,1
C00248,North,Monthly,4,515.0,1,3,21,17,8871.0,1
C00249,North,Monthly,28,800.0,0,3,48,12,9489.0,1
C00250,South,Monthly,21,648.0,1,2,16,8,4618.0,0
C00251,South,Monthly,12,554.0,0,5,10,6,3837.0,1
C00252,North,Monthly,33,660.0,4,8,48,7,5554.0,1
C00253,North,Two-year,64,654.0,0,0,4,12,6901.0,0
C00254,East,Monthly,17,762.0,1,1,48,9,7136.0,0
C00255,North,Two-year,70,360.0,2,7,9,8,2774.0,0
C00256,West,Annual,48,632.0,2,5,9,6,4110.0,0
C00257,South,Monthly,28,672.0,2,5,50,10,5692.0,0
C00258,North,Monthly,49,404.0,1,7,8,9,4607.0,0
C00259,West,Monthly,25,402.0,0,4,82,13,4347.0,0
C00260,South,Two-year,16,584.0,3,2,59,10,7074.0,1
C00261,West,Annual,17,652.0,1,2,109,11,6435.0,0
C00262,South,Monthly,1,652.0,2,3,10,13,10048.0,1
C00263,South,Two-year,47,550.0,1,1,38,8,4141.0,0
C00264,East,Annual,6,542.0,3,3,60,9,5829.0,1
C00265,South,Monthly,15,579.0,2,2,37,10,7283.0,1
C00266,South,Annual,1,704.0,2,4,35,7,6248.0,0
C00267,North,Annual,5,874.0,2,3,7,9,9689.0,1
C00268,South,Annual,65,250.0,0,1,25,7,1772.0,0
C00269,North,Monthly,2,762.0,1,4,237,11,8502.0,1
C00270,West,Monthly,45,630.0,0,0,49,7,5628.0,0
C00271,South,Monthly,24,745.0,1,4,22,13,12064.0,0
C00272,West,Monthly,10,863.0,1,6,94,8,7197.0,0
C00273,North,Monthly,22,514.0,0,2,17,6,3081.0,1
C00274,South,Annual,7,820.0,1,3,59,6,4168.0,0
C00275,South,Monthly,23,424.0,1,5,291,13,5406.0,1
C00276,East,Monthly,59,673.0,3,5,24,6,4181.0,0
C00277,West,Annual,45,606.0,1,2,53,9,6628.0,0
C00278,South,Monthly,58,658.0,1,7,7,10,6330.0,0
C00279,South,Monthly,50,472.0,1,3,39,12,5388.0,0
C00280,East,Annual,66,729.0,1,3,26,12,7114.0,0
C00281,North,Two-year,8,936.0,2,3,72,13,9975.0,0
C00282,South,Monthly,12,475.0,1,0,4,11,6291.0,0
C00283,East,Two-year,30,684.0,2,5,150,9,5430.0,1
C00284,North,Two-year,38,804.0,0,3,18,10,10317.0,0
C00285,East,Annual,56,597.0,2,2,45,6,2973.0,0
C00286,East,Two-year,9,895.0,1,3,12,9,9691.0,0
C00287,North,Monthly,8,573.0,1,4,72,9,4422.0,1
C00288,South,Monthly,57,629.0,4,6,25,7,4920.0,0
C00289,South,Annual,40,471.0,3,6,51,6,3330.0,0
C00290,West,Monthly,30,673.0,0,3,4,10,6145.0,1
C00291,South,Monthly,16,651.0,1,1,91,12,8441.0,1
C00292,South,Monthly,50,764.0,1,0,69,10,9094.0,0
C00293,South,Monthly,57,535.0,2,2,3,9,4263.0,0
C00294,North,Monthly,3,527.0,1,1,2,12,6711.0,0
C00295,North,Monthly,4,733.0,0,2,29,5,3908.0,0
C00296,North,Two-year,56,901.0,0,2,8,6,6400.0,0
C00297,North,Monthly,63,763.0,1,3,8,11,8231.0,1
C00298,North,Annual,17,983.0,0,4,11,13,14346.0,0
C00299,East,Monthly,51,750.0,1,0,36,10,9563.0,0
C00300,East,Monthly,60,743.0,1,3,4,12,10293.0,0
C00301,North,Two-year,9,772.0,2,4,63,5,3123.0,1
C00302,South,Monthly,14,918.0,1,2,36,10,8037.0,0
C00303,North,Monthly,10,873.0,0,4,83,11,9594.0,1
C00304,South,Annual,57,455.0,0,0,93,8,3648.0,0
C00305,West,Monthly,55,794.0,4,6,28,11,8431.0,0
C00306,South,Monthly,10,698.0,0,0,81,10,7130.0,0
C00307,North,Two-year,13,615.0,1,7,22,6,4693.0,0
C00308,South,Monthly,48,331.0,0,3,93,13,5173.0,1
C00309,East,Annual,64,373.0,1,5,99,8,2594.0,0
C00310,North,Monthly,56,584.0,0,1,29,4,2388.0,0
C00311,West,Monthly,12,386.0,0,2,110,11,4844.0,1
C00312,South,Monthly,28,588.0,2,2,26,16,8297.0,0
C00313,North,Annual,5,779.0,1,2,13,10,6429.0,0
C00314,South,Monthly,18,545.0,1,0,35,8,5576.0,1
C00315,East,Two-year,40,665.0,0,3,126,13,10308.0,0
C00316,South,Annual,25,457.0,1,5,54,6,3407.0,0
C00317,West,Annual,44,704.0,1,3,56,9,7544.0,0
C00318,West,Monthly,22,741.0,2,4,11,10,8444.0,1
C00319,North,Annual,41,394.0,1,8,2,7,3261.0,0
C00320,North,Annual,45,515.0,0,2,8,13,7114.0,0
C00321,South,Monthly,14,422.0,2,3,147,7,2743.0,1
C00322,East,Two-year,4,742.0,1,0,57,7,4400.0,0
C00323,East,Monthly,25,680.0,0,1,24,9,6724.0,0
C00324,North,Two-year,3,641.0,0,2,102,8,4665.0,0
C00325,West,Two-year,12,627.0,0,2,32,9,6837.0,0
C00326,South,Monthly,21,708.0,2,3,6,8,6047.0,0
C00327,West,Monthly,25,712.0,1,2,6,8,7392.0,1
C00328,West,Monthly,20,561.0,0,2,56,8,4455.0,0
C00329,North,Monthly,4,536.0,0,1,17,7,3788.0,1
C00330,North,Annual,13,639.0,0,0,46,14,8362.0,0
C00331,North,Monthly,63,616.0,1,4,11,10,5809.0,0
C00332,West,Annual,51,1021.0,3,4,16,10,10605.0,0
C00333,South,Two-year,32,581.0,1,4,4,9,4352.0,0
C00334,West,Two-year,2,702.0,0,1,59,7,5979.0,0
C00335,South,Monthly,26,734.0,1,6,17,7,4364.0,0
C00336,South,Two-year,66,902.0,2,7,5,11,12435.0,0
C00337,West,Monthly,58,504.0,1,4,3,5,2519.0,0
C00338,South,Monthly,54,891.0,2,3,30,14,12847.0,0
C00339,East,Monthly,18,623.0,1,2,65,12,9585.0,0
C00340,South,Annual,29,1100.0,1,5,66,8,10292.0,0
C00341,North,Monthly,3,715.0,1,1,34,9,6045.0,1
C00342,North,Monthly,61,429.0,1,5,163,7,2861.0,0
C00343,North,Monthly,9,615.0,2,0,36,7,3766.0,0
C00344,East,Two-year,44,891.0,0,3,8,7,6982.0,0
C00345,South,Annual,21,665.0,2,3,85,6,4510.0,0
C00346,South,Annual,41,639.0,0,3,23,5,3977.0,0
C00347,North,Annual,59,779.0,3,9,48,7,5137.0,1
C00348,East,Monthly,23,588.0,0,1,87,10,4902.0,0
C00349,West,Monthly,2,612.0,4,4,33,11,6126.0,1
C00350,East,Monthly,48,480.0,3,8,9,5,3076.0,0
C00351,West,Monthly,38,961.0,1,4,13,7,8705.0,0
C00352,North,Two-year,10,430.0,2,8,15,13,5460.0,0
C00353,North,Monthly,4,681.0,1,5,2,15,10674.0,0
C00354,South,Annual,38,736.0,1,1,35,7,6302.0,0
C00355,North,Annual,44,648.0,3,9,11,8,5386.0,0
C00356,East,Two-year,9,424.0,0,3,39,13,7053.0,0
C00357,West,Monthly,43,470.0,2,4,86,5,2864.0,1
C00358,North,Two-year,32,744.0,1,2,24,7,6097.0,0
C00359,West,Annual,10,510.0,0,2,1,10,5683.0,0
C00360,North,Monthly,44,277.0,2,7,37,11,2752.0,0
C00361,East,Annual,46,720.0,0,1,9,6,3851.0,0
C00362,South,Monthly,12,493.0,1,3,3,9,5472.0,1
C00363,East,Annual,48,764.0,0,1,22,3,2110.0,0
C00364,North,Annual,16,614.0,2,6,9,5,2830.0,0
C00365,West,Annual,43,605.0,2,5,20,11,8139.0,0
C00366,West,Two-year,58,659.0,0,1,68,4,2170.0,0
C00367,South,Annual,67,445.0,0,1,26,15,7736.0,0
C00368,South,Monthly,19,501.0,4,7,32,11,6106.0,1
C00369,East,Monthly,25,603.0,0,4,14,16,7901.0,1
C00370,South,Two-year,7,444.0,0,0,59,14,5536.0,0
C00371,South,Annual,69,778.0,2,5,53,7,5173.0,0
C00372,South,Two-year,24,595.0,1,3,12,8,4349.0,0
C00373,West,Monthly,57,389.0,0,0,142,6,2065.0,0
C00374,East,Monthly,67,549.0,3,5,21,7,4715.0,0
C00375,North,Two-year,34,668.0,1,6,9,9,7590.0,0
C00376,West,Annual,50,570.0,0,2,22,6,3035.0,0
C00377,North,Monthly,34,722.0,3,4,10,9,7077.0,1
C00378,North,Monthly,41,753.0,0,2,30,8,6124.0,0
C00379,West,Two-year,18,1082.0,2,8,16,8,8554.0,0
C00380,North,Annual,60,857.0,0,3,19,12,13128.0,0
C00381,North,Monthly,9,355.0,1,1,37,12,3506.0,1
C00382,South,Monthly,47,585.0,0,3,93,10,7531.0,0
C00383,West,Monthly,66,602.0,1,3,32,7,4040.0,0
C00384,North,Monthly,58,754.0,2,3,78,8,6543.0,1
C00385,South,Monthly,54,482.0,1,1,45,13,7931.0,0
C00386,North,Monthly,47,554.0,2,6,14,12,7463.0,0
C00387,South,Annual,68,426.0,2,4,40,10,5042.0,0
C00388,South,Monthly,62,542.0,0,0,8,10,4598.0,0
C00389,North,Annual,20,548.0,2,5,25,5,2973.0,0
C00390,West,Monthly,45,594.0,1,1,6,7,3972.0,0
C00391,East,Monthly,31,436.0,3,7,11,13,5723.0,0
C00392,West,Monthly,19,827.0,0,1,18,10,7598.0,1
C00393,West,Monthly,59,735.0,2,5,283,5,4071.0,1
C00394,West,Annual,3,389.0,0,2,34,10,4154.0,0
C00395,East,Two-year,10,655.0,1,1,124,10,5660.0,0
C00396,South,Annual,8,368.0,2,4,56,6,2572.0,0
C00397,West,Annual,15,892.0,4,5,74,11,9245.0,1
C00398,South,Two-year,37,941.0,1,3,37,9,9259.0,0
C00399,North,Annual,67,640.0,1,1,11,7,5529.0,0
C00400,South,Annual,69,497.0,0,1,22,12,5957.0,0
C00401,South,Annual,64,530.0,1,3,73,9,5342.0,0
C00402,South,Monthly,54,568.0,1,2,140,6,4196.0,0
C00403,West,Monthly,33,631.0,0,1,22,4,2805.0,0
C00404,South,Annual,56,897.0,0,1,98,8,9268.0,0
C00405,North,Annual,20,822.0,0,3,2,11,7601.0,1
C00406,North,Monthly,48,825.0,3,4,62,12,9716.0,1
C00407,West,Two-year,1,681.0,1,1,117,10,7840.0,1
C00408,South,Monthly,65,442.0,0,3,18,7,3231.0,0
C00409,South,Annual,69,511.0,1,2,18,8,3799.0,0
C00410,West,Two-year,53,661.0,1,4,82,11,7034.0,0
C00411,West,Monthly,13,434.0,1,1,3,8,4035.0,0
C00412,South,Two-year,19,705.0,2,3,32,5,4206.0,1
C00413,East,Annual,53,795.0,0,1,4,4,3553.0,0
C00414,North,Annual,36,748.0,1,2,106,11,10239.0,0
C00415,West,Two-year,39,741.0,0,1,2,10,7861.0,0
C00416,South,Annual,29,314.0,1,4,25,8,3044.0,0
C00417,East,Monthly,60,890.0,0,5,5,9,6838.0,0
C00418,North,Annual,12,368.0,1,0,64,16,7612.0,0
C00419,East,Monthly,32,623.0,1,7,56,7,5396.0,0
C00420,South,Monthly,16,761.0,1,2,16,10,9488.0,1
C00421,South,Monthly,50,715.0,1,8,29,12,10641.0,1
C00422,East,Monthly,21,420.0,2,10,2,7,3590.0,0
C00423,West,Annual,22,452.0,0,3,26,10,3808.0,0
C00424,South,Two-year,13,702.0,1,3,12,8,7049.0,0
C00425,West,Two-year,62,742.0,0,4,40,11,7219.0,0
C00426,North,Monthly,16,451.0,1,3,12,7,3895.0,0
C00427,South,Annual,62,721.0,0,3,2,6,4669.0,0
C00428,North,Annual,66,377.0,2,1,2,8,2839.0,0
C00429,North,Monthly,69,762.0,0,3,45,11,8025.0,0
C00430,West,Annual,25,491.0,0,2,50,7,3213.0,0
C00431,North,Monthly,47,664.0,3,5,23,6,4632.0,0
C00432,West,Two-year,59,634.0,0,3,27,4,2962.0,0
C00433,South,Monthly,6,859.0,0,1,31,9,7838.0,0
C00434,East,Annual,5,694.0,2,4,49,9,6332.0,1
C00435,North,Two-year,15,542.0,3,7,55,13,6388.0,0
C00436,East,Annual,70,715.0,0,2,43,7,5000.0,0
C00437,West,Monthly,7,1036.0,1,4,55,8,9377.0,0
C00438,South,Monthly,55,783.0,0,4,11,7,6098.0,0
C00439,South,Two-year,60,639.0,0,0,15,7,3869.0,0
C00440,West,Monthly,65,500.0,1,2,23,6,3497.0,1
C00441,East,Monthly,38,539.0,2,6,8,6,4188.0,0
C00442,North,Two-year,38,772.0,5,2,36,10,9306.0,0
C00443,East,Annual,53,491.0,0,1,135,7,2763.0,0
C00444,East,Annual,46,650.0,3,4,14,12,9446.0,0
C00445,West,Monthly,56,909.0,0,3,44,11,8149.0,0
C00446,South,Monthly,26,677.0,2,5,2,3,1761.0,1
C00447,South,Annual,67,456.0,2,6,19,14,5881.0,0
C00448,West,Monthly,31,1042.0,1,5,7,5,5450.0,0
C00449,South,Monthly,18,967.0,1,2,3,12,14184.0,1
C00450,South,Monthly,54,740.0,0,2,194,11,9825.0,1
C00451,West,Annual,45,880.0,1,2,10,15,13018.0,0
C00452,North,Monthly,4,602.0,2,8,155,5,3121.0,1
C00453,South,Two-year,12,780.0,1,4,21,7,4833.0,0
C00454,West,Monthly,3,574.0,2,2,32,5,3662.0,0
C00455,East,Monthly,41,406.0,0,3,152,6,2282.0,1
C00456,West,Two-year,63,1117.0,3,4,47,10,10081.0,1
C00457,East,Two-year,23,397.0,0,2,27,5,2568.0,0
C00458,South,Annual,8,704.0,0,1,15,10,6377.0,0
C00459,South,Two-year,61,701.0,1,1,18,8,4996.0,0
C00460,North,Monthly,52,743.0,1,1,20,12,11514.0,1
C00461,West,Monthly,39,634.0,0,2,6,9,4783.0,0
C00462,North,Monthly,15,636.0,1,2,37,6,3116.0,1
C00463,South,Monthly,48,675.0,1,4,8,11,7633.0,0
C00464,South,Annual,27,736.0,0,2,42,7,4886.0,0
C00465,North,Annual,18,650.0,0,1,19,5,4014.0,0
C00466,North,Monthly,21,638.0,0,4,49,6,4469.0,1
C00467,East,Monthly,5,412.0,1,9,49,15,6615.0,1
C00468,North,Two-year,35,1012.0,2,1,1,6,4888.0,0
C00469,West,Annual,54,746.0,0,1,9,7,4871.0,0
C00470,West,Monthly,59,688.0,0,1,46,9,7711.0,1
C00471,North,Monthly,52,538.0,0,1,79,6,2983.0,0
C00472,West,Monthly,63,469.0,0,4,4,9,3435.0,0
C00473,South,Monthly,69,805.0,1,3,96,9,6633.0,0
C00474,North,Monthly,16,621.0,0,6,24,9,6586.0,1
C00475,South,Monthly,31,762.0,2,1,4,10,9372.0,1
C00476,West,Monthly,24,407.0,1,1,90,10,3837.0,0
C00477,East,Monthly,49,928.0,2,2,144,10,8502.0,0
C00478,North,Monthly,60,812.0,0,2,6,11,10886.0,0
C00479,East,Monthly,64,635.0,1,0,62,7,3992.0,0
C00480,East,Monthly,7,734.0,0,3,12,4,2882.0,0
C00481,East,Two-year,37,783.0,1,4,31,3,2326.0,0
C00482,South,Annual,9,409.0,1,2,46,15,6123.0,0
C00483,West,Monthly,24,952.0,2,4,5,10,7973.0,1
C00484,East,Monthly,35,737.0,0,1,60,14,12608.0,0
C00485,North,Annual,45,523.0,1,6,76,9,4272.0,0
C00486,West,Monthly,57,453.0,0,2,21,9,4010.0,0
C00487,South,Annual,71,828.0,0,3,22,6,5557.0,0
C00488,East,Two-year,24,688.0,0,3,27,13,10749.0,0
C00489,East,Monthly,40,737.0,1,3,16,7,5642.0,0
C00490,South,Monthly,5,655.0,3,8,5,14,8994.0,1
C00491,North,Monthly,8,470.0,2,5,10,9,3395.0,1
C00492,East,Annual,69,742.0,0,2,10,7,5441.0,1
C00493,West,Monthly,67,614.0,0,1,6,7,4647.0,0
C00494,West,Annual,67,646.0,1,1,44,9,5696.0,0
C00495,East,Monthly,19,1078.0,0,1,41,8,9614.0,0
C00496,North,Annual,47,806.0,1,5,5,5,4811.0,0
C00497,South,Annual,17,817.0,0,2,3,7,4677.0,0
C00498,West,Monthly,49,1140.0,1,1,1,11,15120.0,0
C00499,South,Two-year,35,719.0,0,2,4,9,7087.0,0
C00500,East,Annual,67,672.0,0,2,47,8,5176.0,0
C00501,South,Monthly,27,528.0,0,1,14,7,4239.0,1
C00502,North,Two-year,46,569.0,1,1,73,10,6554.0,0
C00503,East,Annual,47,282.0,2,3,11,9,2992.0,0
C00504,East,Monthly,56,792.0,3,3,17,8,6376.0,0
C00505,East,Annual,4,422.0,1,1,40,9,4133.0,0
C00506,North,Annual,33,812.0,0,0,106,3,2529.0,0
C00507,West,Annual,33,642.0,1,3,22,11,6935.0,0
C00508,South,Two-year,17,673.0,1,2,43,13,7565.0,0
C00509,West,Monthly,58,642.0,1,1,95,14,11321.0,0
C00510,East,Monthly,60,899.0,0,0,51,5,3882.0,1
C00511,South,Monthly,6,868.0,1,1,18,4,3904.0,1
C00512,East,Annual,49,645.0,0,2,3,14,9030.0,1
C00513,South,Monthly,62,488.0,3,4,36,8,4727.0,0
C00514,South,Monthly,21,816.0,0,0,25,7,5916.0,0
C00515,East,Monthly,45,475.0,1,2,71,7,2970.0,1
C00516,North,Annual,45,370.0,1,3,21,8,2591.0,0
C00517,West,Monthly,2,740.0,1,3,11,9,6632.0,0
C00518,South,Monthly,58,869.0,2,8,122,6,5566.0,1
C00519,North,Monthly,54,577.0,0,1,44,9,5789.0,0
C00520,West,Monthly,20,723.0,1,5,44,13,11508.0,1
C00521,North,Monthly,23,575.0,0,4,24,10,5676.0,0
C00522,West,Monthly,55,780.0,1,3,44,10,9287.0,0
C00523,South,Annual,57,847.0,3,3,56,10,7728.0,0
C00524,North,Monthly,6,603.0,0,0,26,9,6725.0,0
C00525,North,Monthly,26,465.0,0,1,19,7,2762.0,1
C00526,North,Annual,45,388.0,0,0,25,4,1865.0,0
C00527,North,Monthly,10,817.0,2,10,26,10,7631.0,1
C00528,North,Monthly,71,445.0,0,2,8,14,7030.0,0
C00529,South,Monthly,15,717.0,0,1,61,6,4612.0,1
C00530,South,Monthly,62,790.0,1,1,3,12,10324.0,0
C00531,South,Monthly,5,560.0,1,4,68,6,4335.0,1
C00532,North,Two-year,63,620.0,0,3,63,13,8860.0,0
C00533,North,Monthly,3,830.0,2,4,62,9,6780.0,0
C00534,North,Annual,49,505.0,0,0,42,6,3046.0,0
C00535,North,Two-year,26,486.0,0,1,67,7,2886.0,0
C00536,South,Monthly,33,608.0,2,5,59,10,5884.0,1
C00537,North,Annual,8,880.0,2,4,8,9,7496.0,1
C00538,South,Monthly,49,940.0,0,3,25,9,9491.0,1
C00539,West,Annual,45,632.0,1,3,76,6,4766.0,0
C00540,North,Two-year,23,522.0,0,4,47,10,4910.0,0
C00541,North,Monthly,34,842.0,4,10,4,8,8243.0,1
C00542,East,Two-year,40,350.0,2,6,66,7,3033.0,0
C00543,South,Monthly,49,695.0,3,8,22,10,7758.0,1
C00544,North,Annual,39,642.0,0,1,14,9,6641.0,1
C00545,West,Monthly,5,883.0,1,1,113,8,8471.0,0
C00546,East,Monthly,39,901.0,2,2,25,6,5331.0,1
C00547,West,Monthly,25,480.0,0,4,1,9,5587.0,0
C00548,West,Two-year,30,680.0,1,4,51,5,3369.0,0
C00549,South,Annual,27,547.0,0,2,16,6,2765.0,0
C00550,East,Two-year,26,597.0,0,2,47,7,4874.0,0
C00551,South,Monthly,17,761.0,1,3,22,8,5890.0,0
C00552,West,Monthly,24,590.0,0,5,1,10,4802.0,0
C00553,South,Monthly,51,685.0,2,7,3,6,3656.0,0
C00554,South,Monthly,16,822.0,1,1,68,12,9713.0,1
C00555,North,Monthly,54,923.0,1,4,15,8,6693.0,0
C00556,South,Two-year,32,702.0,1,1,59,11,6704.0,0
C00557,South,Two-year,44,671.0,2,5,4,6,3548.0,0
C00558,West,Monthly,9,451.0,0,3,13,9,4519.0,0
C00559,North,Monthly,15,935.0,1,2,29,11,8888.0,0
C00560,West,Annual,65,739.0,1,1,24,10,8806.0,0
C00561,North,Annual,60,675.0,1,5,19,11,9065.0,0
C00562,South,Annual,5,665.0,2,2,17,13,10043.0,0
C00563,South,Monthly,65,715.0,0,3,33,7,4617.0,0
C00564,South,Monthly,60,789.0,1,5,3,7,6010.0,0
C00565,South,Monthly,10,811.0,1,2,3,7,4715.0,1
C00566,North,Two-year,18,940.0,1,5,37,16,19121.0,0
C00567,North,Annual,13,694.0,3,7,38,11,6135.0,0
C00568,West,Two-year,61,966.0,1,2,73,5,4399.0,0
C00569,North,Monthly,61,840.0,1,2,49,7,4948.0,1
C00570,East,Monthly,52,639.0,1,2,4,17,14093.0,0
C00571,East,Monthly,18,350.0,0,1,2,9,2584.0,0
C00572,North,Two-year,66,665.0,1,3,82,10,5326.0,0
C00573,West,Monthly,61,931.0,0,1,16,6,4750.0,0
C00574,West,Annual,62,510.0,2,1,52,11,6960.0,1
C00575,West,Monthly,26,665.0,1,4,3,13,8648.0,1
C00576,West,Monthly,50,680.0,1,6,45,6,5191.0,0
C00577,South,Monthly,48,820.0,1,5,7,10,10494.0,0
C00578,West,Monthly,11,580.0,3,8,142,8,5397.0,1
C00579,North,Annual,42,494.0,0,1,36,9,3932.0,0
C00580,North,Two-year,39,753.0,0,2,49,6,5808.0,0
C00581,East,Annual,42,516.0,1,7,50,8,4207.0,0
C00582,North,Monthly,25,320.0,0,2,21,8,2643.0,0
C00583,East,Annual,48,981.0,1,2,52,7,7680.0,0
C00584,South,Monthly,63,817.0,0,1,1,6,5677.0,0
C00585,South,Annual,43,989.0,2,6,8,10,12672.0,0
C00586,West,Annual,62,807.0,1,1,39,7,7262.0,0
C00587,North,Monthly,55,772.0,2,2,23,12,9327.0,0
C00588,North,Monthly,23,717.0,1,5,130,11,6870.0,0
C00589,East,Monthly,53,617.0,1,5,141,8,6208.0,0
C00590,West,Monthly,48,742.0,3,9,4,10,6377.0,1
C00591,West,Two-year,68,550.0,0,2,46,9,5328.0,0
C00592,North,Annual,25,458.0,1,3,17,9,3640.0,0
C00593,West,Monthly,12,590.0,0,4,50,6,3466.0,0
C00594,East,Monthly,49,882.0,4,5,114,9,8453.0,1
C00595,West,Annual,45,428.0,1,4,44,12,5919.0,0
C00596,North,Monthly,44,431.0,1,5,4,7,3885.0,0
C00597,South,Monthly,53,756.0,2,4,9,10,9520.0,0
C00598,South,Annual,37,575.0,0,2,21,8,4877.0,0
C00599,South,Monthly,3,737.0,1,3,6,14,9866.0,1
C00600,North,Monthly,63,828.0,1,2,3,11,9732.0,0
C00601,South,Monthly,20,733.0,1,2,10,11,7929.0,0
C00602,East,Monthly,18,536.0,0,1,72,8,4416.0,1
C00603,South,Two-year,58,881.0,0,1,79,7,7753.0,0
C00604,South,Annual,57,784.0,3,8,46,10,8288.0,0
C00605,North,Two-year,36,655.0,0,1,4,12,6452.0,0
C00606,West,Two-year,49,646.0,0,3,77,10,7377.0,1
C00607,South,Monthly,6,717.0,1,2,23,11,7418.0,1
C00608,South,Monthly,20,594.0,0,1,32,11,5926.0,0
C00609,West,Annual,18,356.0,1,3,104,9,3791.0,1
C00610,East,Monthly,30,785.0,1,1,18,7,4851.0,1
C00611,North,Two-year,26,774.0,1,2,12,6,5130.0,0
C00612,East,Monthly,5,236.0,1,2,20,13,3708.0,0
C00613,West,Monthly,49,742.0,0,1,26,17,11987.0,0
C00614,North,Annual,43,966.0,0,2,41,7,7006.0,0
C00615,East,Two-year,27,447.0,0,3,43,17,8274.0,0
C00616,North,Annual,64,637.0,1,2,26,9,6424.0,0
C00617,West,Annual,26,617.0,1,5,23,6,4761.0,0
C00618,East,Monthly,9,949.0,0,2,11,9,10629.0,0
C00619,West,Annual,61,852.0,0,2,53,9,6936.0,0
C00620,East,Annual,10,492.0,1,1,23,12,6334.0,1
C00621,North,Monthly,6,712.0,1,2,140,5,3129.0,1
C00622,South,Annual,34,1064.0,1,4,26,8,7065.0,0
C00623,West,Monthly,42,538.0,0,1,14,13,6882.0,0
C00624,North,Monthly,20,648.0,1,3,13,11,6842.0,1
C00625,North,Two-year,60,742.0,3,3,27,9,7247.0,0
C00626,East,Monthly,20,540.0,2,3,52,6,3631.0,1
C00627,South,Annual,69,967.0,2,3,143,14,13440.0,0
C00628,North,Monthly,46,565.0,3,7,46,8,5576.0,0
C00629,North,Two-year,14,400.0,2,2,71,10,4883.0,0
C00630,South,Monthly,30,556.0,1,4,22,5,3226.0,1
C00631,East,Monthly,6,768.0,0,2,74,9,6742.0,1
C00632,South,Two-year,60,506.0,0,1,145,8,3729.0,0
C00633,South,Annual,47,704.0,0,1,70,15,9061.0,0
C00634,West,Monthly,31,751.0,0,0,16,6,4169.0,1
C00635,North,Monthly,49,432.0,0,1,29,11,6080.0,0
C00636,East,Monthly,44,549.0,1,1,65,9,4985.0,0
C00637,South,Two-year,43,713.0,1,1,87,9,6467.0,0
C00638,South,Annual,29,776.0,0,1,28,8,6427.0,0
C00639,South,Two-year,25,553.0,2,6,10,9,5594.0,0
C00640,East,Two-year,19,677.0,1,2,2,8,6824.0,0
C00641,West,Monthly,56,599.0,1,1,41,6,3080.0,0
C00642,North,Annual,34,781.0,0,2,28,10,9451.0,0
C00643,North,Annual,34,743.0,1,2,1,10,7612.0,0
C00644,South,Annual,52,583.0,0,1,8,8,4372.0,0
C00645,South,Annual,38,736.0,0,5,50,9,7100.0,0
C00646,North,Monthly,68,576.0,1,4,28,14,8630.0,0
C00647,West,Two-year,18,732.0,3,3,59,9,5710.0,1
C00648,West,Annual,3,735.0,1,2,2,7,4366.0,0
C00649,South,Two-year,30,1077.0,2,1,48,12,14390.0,0
C00650,South,Monthly,38,589.0,0,1,51,9,6190.0,1
C00651,North,Monthly,59,625.0,0,1,34,7,4845.0,0
C00652,South,Annual,46,533.0,3,4,101,6,3123.0,0
C00653,South,Annual,67,464.0,4,1,17,12,6002.0,0
C00654,West,Monthly,7,568.0,2,4,131,7,4983.0,1
C00655,South,Monthly,39,770.0,2,5,48,7,6802.0,1
C00656,North,Annual,59,783.0,1,1,12,7,5021.0,0
C00657,North,Two-year,36,703.0,3,3,38,8,4767.0,0
C00658,North,Monthly,20,597.0,2,1,13,14,9416.0,0
C00659,West,Monthly,55,561.0,2,5,16,9,4479.0,0
C00660,West,Monthly,63,485.0,0,3,11,11,6405.0,0
C00661,West,Monthly,19,550.0,0,4,31,8,4138.0,1
C00662,West,Monthly,40,417.0,2,4,5,8,2920.0,0
C00663,North,Monthly,58,894.0,2,6,24,11,11880.0,1
C00664,East,Annual,11,981.0,1,5,61,10,8871.0,1
C00665,East,Monthly,1,302.0,0,2,111,6,1458.0,0
C00666,North,Monthly,53,702.0,2,1,65,13,11051.0,0
C00667,South,Two-year,54,699.0,1,3,15,10,5920.0,0
C00668,East,Monthly,12,688.0,1,8,5,4,2779.0,0
C00669,West,Annual,43,543.0,1,3,76,12,6502.0,0
C00670,North,Monthly,52,834.0,2,4,21,10,7268.0,0
C00671,West,Annual,69,724.0,2,1,8,7,4144.0,1
C00672,West,Annual,58,836.0,0,1,6,7,4929.0,0
C00673,West,Monthly,16,517.0,2,5,8,6,3145.0,0
C00674,North,Annual,41,401.0,0,0,117,11,5640.0,0
C00675,North,Annual,53,728.0,2,9,66,9,7617.0,0
C00676,East,Monthly,20,477.0,0,0,23,10,5521.0,0
C00677,South,Annual,12,840.0,0,2,82,7,6673.0,0
C00678,North,Monthly,32,267.0,2,1,10,10,3163.0,0
C00679,West,Monthly,52,566.0,3,4,100,13,7834.0,1
C00680,North,Two-year,38,539.0,0,0,13,12,8362.0,1
C00681,South,Monthly,43,590.0,1,7,21,4,2605.0,1
C00682,West,Monthly,48,697.0,2,5,49,10,7775.0,1
C00683,South,Monthly,68,721.0,2,4,8,10,5844.0,0
C00684,West,Two-year,46,765.0,0,3,6,9,8106.0,0
C00685,South,Monthly,10,786.0,4,3,19,9,6918.0,1
C00686,South,Monthly,29,619.0,0,1,6,10,7347.0,0
C00687,North,Annual,13,1030.0,1,3,36,10,12604.0,0
C00688,South,Annual,54,900.0,1,3,4,13,9490.0,0
C00689,South,Monthly,71,594.0,0,1,22,8,4716.0,0
C00690,West,Two-year,55,625.0,1,5,11,6,4697.0,0
C00691,West,Monthly,18,590.0,3,1,102,5,2549.0,1
C00692,North,Annual,50,715.0,1,6,61,8,6705.0,1
C00693,North,Annual,2,475.0,1,4,113,8,3654.0,0
C00694,East,Monthly,20,508.0,0,4,6,8,4286.0,0
C00695,South,Two-year,22,260.0,0,1,17,6,1953.0,0
C00696,North,Annual,34,578.0,2,1,57,11,7099.0,1
C00697,North,Monthly,23,842.0,0,3,19,12,10274.0,0
C00698,North,Monthly,31,623.0,0,2,101,8,5724.0,0
C00699,South,Monthly,1,633.0,1,2,58,15,8654.0,1
C00700,North,Two-year,58,700.0,5,3,79,6,3386.0,0
C00701,East,Monthly,29,470.0,2,5,164,10,5214.0,1
C00702,South,Two-year,58,655.0,1,5,42,4,3224.0,0
C00703,South,Monthly,5,810.0,3,6,11,10,9313.0,1
C00704,South,Two-year,62,705.0,3,3,41,7,5230.0,0
C00705,North,Annual,45,826.0,0,3,17,13,9360.0,0
C00706,West,Monthly,17,878.0,1,5,106,7,5178.0,1
C00707,East,Monthly,54,769.0,0,1,13,9,6505.0,1
C00708,West,Annual,54,522.0,1,5,15,8,5352.0,0
C00709,South,Monthly,52,588.0,2,2,89,7,4243.0,1
C00710,South,Monthly,62,998.0,3,3,24,10,11999.0,1
C00711,North,Annual,68,707.0,0,3,2,9,5132.0,0
C00712,South,Two-year,12,683.0,0,3,3,10,7078.0,0
C00713,South,Annual,21,495.0,2,5,22,12,5485.0,0
C00714,South,Two-year,3,634.0,1,2,14,15,12138.0,0
C00715,North,Annual,5,779.0,0,4,36,7,4904.0,1
C00716,North,Annual,8,653.0,1,5,98,9,4848.0,0
C00717,North,Monthly,50,557.0,0,0,43,4,1963.0,0
C00718,South,Annual,44,598.0,3,6,21,10,4973.0,0
C00719,South,Annual,3,865.0,2,5,4,10,8284.0,0
C00720,West,Annual,30,770.0,0,1,63,9,8994.0,0
C00721,North,Two-year,8,746.0,1,3,6,7,6607.0,0
C00722,North,Monthly,14,729.0,0,2,8,8,6333.0,0
C00723,North,Annual,4,437.0,1,3,18,14,7437.0,1
C00724,North,Monthly,38,699.0,2,3,130,8,5592.0,1
C00725,East,Monthly,6,842.0,2,8,19,5,5244.0,1
C00726,North,Monthly,56,603.0,1,2,37,7,3820.0,0
C00727,West,Two-year,67,826.0,4,4,10,9,7446.0,0
C00728,West,Monthly,61,748.0,0,2,31,6,3861.0,0
C00729,South,Annual,59,799.0,0,3,39,7,7094.0,0
C00730,West,Annual,54,659.0,1,5,36,8,5109.0,0
C00731,East,Two-year,65,810.0,0,0,112,4,2991.0,0
C00732,West,Annual,63,386.0,1,3,26,9,3165.0,0
C00733,North,Monthly,16,656.0,0,2,19,12,8163.0,1
C00734,West,Monthly,43,778.0,0,0,77,11,9003.0,1
C00735,North,Annual,22,703.0,0,1,9,8,6391.0,0
C00736,South,Monthly,60,847.0,0,2,102,13,13264.0,0
C00737,West,Monthly,1,622.0,0,1,21,10,7161.0,0
C00738,South,Monthly,30,551.0,0,1,18,12,6918.0,1
C00739,North,Monthly,27,355.0,1,0,52,10,3791.0,0
C00740,North,Two-year,61,601.0,4,8,24,11,8513.0,0
C00741,North,Two-year,21,743.0,0,2,1,8,6084.0,0
C00742,South,Annual,64,787.0,0,4,62,11,8317.0,0
C00743,South,Monthly,36,398.0,0,3,19,10,4469.0,0
C00744,South,Two-year,49,862.0,2,6,27,11,10775.0,1
C00745,West,Annual,38,475.0,0,1,32,16,9642.0,0
C00746,North,Two-year,31,628.0,2,2,7,10,6130.0,0
C00747,West,Monthly,22,548.0,2,2,13,11,6359.0,0
C00748,South,Monthly,20,725.0,1,4,114,6,4838.0,1
C00749,West,Annual,46,667.0,0,2,40,9,6930.0,0
C00750,West,Two-year,24,772.0,3,3,33,14,8863.0,1
C00751,West,Monthly,62,982.0,1,6,19,13,15960.0,0
C00752,North,Monthly,10,722.0,0,6,38,10,6417.0,1
C00753,South,Annual,16,546.0,1,2,11,10,4983.0,0
C00754,West,Two-year,4,733.0,1,1,16,8,6727.0,0
C00755,East,Annual,62,1000.0,0,0,110,6,5397.0,0
C00756,North,Two-year,30,768.0,0,2,7,18,11982.0,0
C00757,East,Annual,3,820.0,1,4,9,7,7317.0,0
C00758,West,Two-year,4,363.0,0,0,6,7,2850.0,0
C00759,North,Monthly,66,720.0,1,4,5,10,9171.0,0
C00760,East,Monthly,63,602.0,3,7,4,5,2503.0,1
C00761,West,Annual,20,528.0,2,1,24,9,3886.0,0
C00762,South,Annual,47,646.0,1,3,16,12,7285.0,0
C00763,North,Monthly,18,670.0,0,3,20,4,2195.0,1
C00764,South,Monthly,60,538.0,0,2,7,10,5484.0,0
C00765,South,Annual,51,684.0,0,2,182,11,9636.0,0
C00766,South,Annual,32,619.0,0,1,22,13,7874.0,0
C00767,East,Monthly,66,776.0,1,3,3,10,9049.0,1
C00768,South,Two-year,16,691.0,0,2,31,17,13194.0,0
C00769,West,Monthly,71,718.0,2,6,2,8,4688.0,0
C00770,West,Monthly,21,826.0,0,1,141,10,7566.0,1
C00771,West,Monthly,64,750.0,3,5,52,7,5854.0,1
C00772,South,Monthly,61,649.0,2,6,5,7,3843.0,0
C00773,North,Monthly,40,274.0,2,3,16,7,1973.0,1
C00774,East,Annual,9,742.0,0,1,7,10,8450.0,0
C00775,North,Annual,54,486.0,2,4,11,9,4242.0,0
C00776,South,Monthly,50,634.0,0,3,54,7,4243.0,1
C00777,North,Two-year,62,717.0,0,1,23,11,9162.0,0
C00778,South,Two-year,17,890.0,1,4,73,10,8984.0,1
C00779,East,Monthly,17,982.0,4,3,14,19,19889.0,1
C00780,South,Monthly,26,484.0,1,1,50,6,2613.0,0
C00781,South,Monthly,27,413.0,0,1,14,8,3948.0,0
C00782,North,Annual,1,709.0,0,0,27,10,7798.0,0
C00783,South,Monthly,11,694.0,1,4,5,8,7142.0,1
C00784,South,Annual,35,434.0,1,0,3,9,4601.0,0
C00785,West,Annual,69,647.0,1,1,9,15,10672.0,0
C00786,West,Annual,10,758.0,0,1,69,10,8393.0,0
C00787,West,Monthly,18,429.0,1,3,48,13,5390.0,1
C00788,North,Monthly,62,471.0,3,4,182,6,2890.0,1
C00789,North,Monthly,3,534.0,0,2,134,9,5463.0,1
C00790,South,Annual,7,612.0,1,4,2,3,1942.0,0
C00791,East,Annual,64,775.0,2,5,132,10,9898.0,0
C00792,East,Annual,18,591.0,1,1,10,10,6363.0,1
C00793,West,Annual,22,660.0,0,0,9,8,4258.0,1
C00794,South,Monthly,2,1054.0,1,9,37,7,6368.0,1
C00795,South,Monthly,29,478.0,1,4,34,8,3147.0,1
C00796,West,Monthly,71,532.0,1,1,60,10,6658.0,0
C00797,North,Monthly,70,772.0,0,1,8,8,5914.0,0
C00798,West,Monthly,46,828.0,2,2,39,9,9077.0,1
C00799,East,Monthly,48,725.0,1,2,31,9,6674.0,0
C00800,North,Annual,46,976.0,1,1,22,6,7380.0,1
C00801,West,Monthly,50,707.0,1,2,6,15,11041.0,0
C00802,West,Monthly,37,294.0,0,0,77,5,1808.0,0
C00803,West,Monthly,15,667.0,1,0,92,16,12122.0,0
C00804,North,Monthly,62,547.0,2,5,40,10,5104.0,0
C00805,North,Monthly,63,899.0,3,8,26,10,9784.0,0
C00806,East,Monthly,11,824.0,2,3,4,8,6157.0,1
C00807,North,Monthly,7,364.0,1,2,47,6,1965.0,0
C00808,North,Two-year,57,893.0,1,2,111,8,6855.0,0
C00809,South,Monthly,4,819.0,3,3,28,7,5437.0,1
C00810,North,Monthly,58,592.0,1,6,21,9,5585.0,0
C00811,East,Monthly,70,636.0,1,1,6,10,7114.0,0
C00812,South,Monthly,3,901.0,1,2,24,10,11566.0,1
C00813,North,Annual,57,295.0,1,1,14,7,2136.0,0
C00814,South,Monthly,10,730.0,1,1,3,13,11203.0,0
C00815,North,Two-year,21,847.0,0,4,9,7,6199.0,0
C00816,North,Two-year,39,634.0,2,5,12,4,2579.0,0
C00817,South,Annual,49,767.0,3,7,36,5,3859.0,1
C00818,South,Monthly,7,669.0,2,1,12,6,4969.0,1
C00819,South,Monthly,8,509.0,1,1,12,14,6222.0,0
C00820,East,Monthly,21,504.0,0,1,42,9,4287.0,1
C00821,South,Annual,49,778.0,1,2,51,12,10834.0,0
C00822,South,Monthly,29,536.0,0,0,42,7,3556.0,0
C00823,South,Annual,20,376.0,0,2,93,8,2410.0,0
C00824,East,Monthly,12,672.0,3,3,108,6,3663.0,1
C00825,South,Monthly,69,558.0,0,0,34,10,4546.0,0
C00826,North,Monthly,50,434.0,1,4,57,15,6160.0,0
C00827,East,Monthly,70,663.0,2,2,71,5,3194.0,1
C00828,West,Annual,36,788.0,3,5,130,13,13078.0,1
C00829,North,Annual,59,654.0,0,2,18,9,7087.0,0
C00830,East,Monthly,46,458.0,2,7,3,6,2366.0,0
C00831,West,Monthly,38,737.0,0,2,16,11,6984.0,0
C00832,North,Two-year,34,836.0,2,8,18,6,6513.0,0
C00833,West,Monthly,36,1048.0,0,3,16,9,10713.0,0
C00834,South,Annual,30,910.0,0,1,14,8,8101.0,0
C00835,East,Monthly,46,469.0,1,3,5,5,2566.0,0
C00836,West,Annual,35,804.0,1,1,52,7,4924.0,0
C00837,West,Annual,69,696.0,0,3,1,18,11678.0,0
C00838,South,Monthly,64,443.0,0,1,17,5,2251.0,0
C00839,East,Monthly,33,701.0,0,3,1,7,5021.0,0
C00840,North,Monthly,29,995.0,1,1,73,21,26858.0,1
C00841,North,Monthly,54,865.0,1,1,43,9,6398.0,0
C00842,West,Annual,46,468.0,1,1,19,3,1134.0,0
C00843,South,Monthly,17,652.0,1,1,8,13,10658.0,0
C00844,West,Monthly,60,739.0,1,1,85,8,7324.0,0
C00845,North,Annual,49,339.0,2,8,19,7,2242.0,0
C00846,North,Two-year,45,345.0,0,2,31,9,2983.0,0
C00847,North,Monthly,56,678.0,1,2,91,14,10403.0,0
C00848,South,Annual,17,680.0,0,0,6,8,4902.0,0
C00849,North,Monthly,57,319.0,0,3,47,7,2764.0,0
C00850,South,Annual,9,720.0,2,5,19,12,8076.0,0
C00851,West,Monthly,57,846.0,0,1,139,11,7724.0,0
C00852,West,Annual,42,611.0,1,4,28,10,6516.0,0
C00853,West,Monthly,42,661.0,0,3,13,9,6941.0,0
C00854,North,Monthly,52,753.0,1,3,105,7,6737.0,0
C00855,South,Annual,23,729.0,0,3,42,6,4866.0,0
C00856,East,Monthly,55,350.0,2,11,64,9,2680.0,0
C00857,North,Monthly,2,487.0,0,4,157,6,3305.0,1
C00858,South,Monthly,50,579.0,0,7,49,17,8330.0,0
C00859,West,Annual,57,495.0,1,1,85,6,2664.0,0
C00860,North,Monthly,1,914.0,1,1,49,7,6067.0,1
C00861,West,Annual,50,764.0,0,1,62,6,3794.0,0
C00862,North,Monthly,55,450.0,1,2,4,12,5308.0,0
C00863,North,Annual,38,611.0,1,2,34,10,7231.0,0
C00864,North,Two-year,43,853.0,2,6,2,12,8464.0,0
C00865,West,Monthly,5,534.0,2,4,25,5,2798.0,1
C00866,East,Annual,71,803.0,2,5,23,12,8799.0,0
C00867,West,Monthly,69,899.0,0,1,136,6,5843.0,0
C00868,South,Monthly,55,869.0,0,2,40,13,11819.0,0
C00869,West,Annual,2,682.0,0,2,74,6,3613.0,0
C00870,South,Two-year,31,875.0,0,0,32,8,8584.0,0
C00871,South,Annual,59,556.0,0,3,211,5,2920.0,0
C00872,West,Two-year,49,1097.0,1,3,62,9,12764.0,0
C00873,West,Monthly,65,693.0,1,4,7,10,8956.0,0
C00874,East,Annual,44,856.0,1,2,46,6,4754.0,0
C00875,North,Monthly,51,585.0,1,3,166,9,6537.0,1
C00876,West,Two-year,24,740.0,1,3,12,10,8582.0,0
C00877,North,Annual,58,748.0,1,2,50,12,9121.0,0
C00878,West,Monthly,38,483.0,0,0,27,9,5249.0,0
C00879,South,Annual,57,477.0,1,6,11,7,3373.0,0
C00880,North,Annual,15,613.0,0,1,60,7,4489.0,0
C00881,South,Two-year,20,849.0,1,4,25,8,6696.0,0
C00882,South,Annual,7,320.0,0,1,60,12,4692.0,0
C00883,South,Two-year,48,585.0,0,3,14,12,8799.0,0
C00884,West,Monthly,53,886.0,0,2,29,11,8534.0,0
C00885,East,Monthly,21,428.0,4,5,70,3,1406.0,0
C00886,North,Annual,28,876.0,1,3,39,10,7520.0,0
C00887,South,Monthly,41,447.0,2,4,27,6,3333.0,0
C00888,West,Monthly,54,485.0,1,6,21,8,3531.0,0
C00889,West,Two-year,22,624.0,0,3,17,5,2552.0,0
C00890,South,Two-year,35,987.0,1,1,23,12,13891.0,1
C00891,West,Two-year,14,535.0,1,3,1,11,6668.0,0
C00892,North,Monthly,58,338.0,2,4,187,10,3399.0,1
C00893,East,Monthly,63,398.0,0,2,38,8,3533.0,0
C00894,West,Two-year,53,818.0,0,2,30,9,8728.0,0
C00895,South,Monthly,58,406.0,0,4,95,6,2156.0,0
C00896,North,Monthly,55,864.0,0,2,53,13,10696.0,0
C00897,East,Monthly,60,663.0,2,4,64,10,6914.0,0
C00898,South,Two-year,31,644.0,1,3,167,10,7191.0,0
C00899,North,Monthly,15,704.0,2,3,26,12,9351.0,0
C00900,North,Monthly,69,506.0,0,0,20,9,4767.0,0
C00901,West,Monthly,1,675.0,0,0,19,8,6106.0,0
C00902,North,Monthly,29,435.0,0,1,96,6,2115.0,0
C00903,South,Annual,52,893.0,3,5,33,9,7730.0,0
C00904,West,Annual,57,465.0,0,3,20,7,3536.0,0
C00905,West,Annual,49,729.0,2,7,5,8,5559.0,0
C00906,South,Monthly,35,464.0,1,3,126,13,7665.0,0
C00907,South,Monthly,66,554.0,0,3,18,9,6391.0,1
C00908,North,Monthly,17,583.0,0,2,3,7,4023.0,0
C00909,South,Two-year,11,1187.0,2,3,8,13,14131.0,0
C00910,North,Monthly,45,647.0,5,10,44,8,4721.0,0
C00911,North,Monthly,23,502.0,2,3,49,4,2052.0,1
C00912,North,Monthly,34,570.0,0,4,6,9,6560.0,0
C00913,East,Two-year,33,379.0,2,6,52,7,2436.0,1
C00914,North,Annual,19,621.0,1,4,13,6,3598.0,0
C00915,North,Monthly,71,983.0,1,6,16,7,7429.0,0
C00916,West,Annual,28,710.0,1,4,128,9,6933.0,0
C00917,North,Monthly,48,813.0,0,2,45,8,7358.0,0
C00918,East,Annual,12,486.0,3,3,189,9,5091.0,1
C00919,South,Two-year,71,613.0,1,4,31,7,5131.0,0
C00920,South,Annual,71,687.0,0,1,104,8,5747.0,0
C00921,North,Two-year,5,519.0,2,9,19,7,3036.0,1
C00922,North,Monthly,46,722.0,2,8,23,15,12326.0,0
C00923,West,Monthly,43,761.0,0,0,10,9,7508.0,0
C00924,South,Annual,13,748.0,0,2,69,8,5428.0,0
C00925,North,Annual,55,623.0,1,0,33,7,5351.0,0
C00926,South,Monthly,55,846.0,1,6,134,14,13866.0,0
C00927,South,Monthly,60,604.0,1,5,21,9,5496.0,0
C00928,North,Monthly,43,587.0,2,3,14,5,3770.0,0
C00929,South,Monthly,51,909.0,1,1,22,12,12418.0,0
C00930,South,Two-year,52,451.0,0,2,62,12,6846.0,0
C00931,East,Monthly,55,343.0,2,3,83,6,2396.0,0
C00932,West,Annual,42,494.0,3,7,26,9,5136.0,0
C00933,South,Monthly,53,720.0,0,4,38,7,4581.0,0
C00934,West,Annual,5,881.0,2,7,4,10,8894.0,1
C00935,South,Two-year,44,531.0,1,3,19,5,2968.0,0
C00936,South,Annual,15,977.0,0,0,11,8,9490.0,0
C00937,East,Annual,29,655.0,2,3,139,9,7402.0,0
C00938,East,Monthly,55,629.0,2,3,15,10,5289.0,0
C00939,North,Monthly,9,497.0,2,2,207,8,4602.0,1
C00940,West,Annual,54,1001.0,1,5,63,8,7472.0,0
C00941,West,Annual,19,623.0,0,2,20,6,4317.0,0
C00942,North,Annual,54,410.0,0,3,36,7,2751.0,1
C00943,South,Annual,55,1092.0,0,1,6,5,5927.0,0
C00944,West,Monthly,2,721.0,2,5,68,8,6134.0,1
C00945,West,Monthly,17,794.0,0,2,26,13,12758.0,1
C00946,South,Two-year,58,953.0,2,3,30,9,9666.0,0
C00947,North,Annual,25,761.0,1,1,28,6,4208.0,0
C00948,East,Annual,32,825.0,2,3,163,9,8275.0,0
C00949,North,Annual,2,660.0,3,5,66,2,1479.0,0
C00950,East,Two-year,50,782.0,2,3,41,12,9217.0,0
C00951,South,Two-year,7,644.0,1,1,20,7,4199.0,0
C00952,East,Monthly,20,646.0,0,1,60,7,5674.0,1
C00953,North,Two-year,34,672.0,0,3,21,6,3536.0,1
C00954,South,Monthly,55,579.0,0,6,123,5,2521.0,1
C00955,East,Monthly,36,741.0,1,8,16,7,5678.0,0
C00956,South,Two-year,70,740.0,2,3,6,9,6355.0,0
C00957,North,Monthly,38,797.0,1,5,57,11,9224.0,1
C00958,North,Monthly,19,765.0,1,5,38,4,2858.0,1
C00959,West,Annual,14,1010.0,4,8,11,11,10933.0,1
C00960,South,Two-year,56,839.0,6,9,202,8,6740.0,1
C00961,East,Monthly,33,613.0,1,3,18,6,3976.0,1
C00962,South,Annual,43,732.0,2,5,7,9,5530.0,1
C00963,West,Monthly,27,904.0,2,1,53,5,4593.0,1
C00964,South,Monthly,20,479.0,1,3,60,9,4930.0,1
C00965,North,Annual,43,1013.0,0,0,47,9,10526.0,0
C00966,North,Annual,21,511.0,2,1,61,10,4780.0,0
C00967,North,Annual,71,812.0,1,3,75,8,6962.0,0
C00968,West,Annual,52,651.0,1,5,7,9,5813.0,0
C00969,East,Two-year,59,641.0,1,4,42,14,7344.0,0
C00970,West,Annual,21,415.0,1,1,81,12,5059.0,0
C00971,East,Monthly,3,813.0,2,2,34,10,9242.0,1
C00972,West,Annual,4,418.0,1,4,10,8,4256.0,0
C00973,West,Annual,61,390.0,0,1,15,9,3005.0,0
C00974,East,Monthly,63,859.0,0,1,39,10,8708.0,0
C00975,North,Annual,49,972.0,0,2,54,7,8645.0,0
C00976,North,Annual,42,530.0,3,6,13,11,6032.0,0
C00977,South,Monthly,15,831.0,1,1,2,7,7253.0,1
C00978,West,Monthly,54,793.0,1,5,62,11,9954.0,1
C00979,South,Monthly,37,634.0,2,3,34,7,5472.0,0
C00980,South,Monthly,43,890.0,0,2,31,11,11544.0,0
C00981,East,Two-year,2,621.0,0,2,157,9,4673.0,0
C00982,South,Monthly,37,743.0,4,4,119,4,3511.0,0
C00983,North,Annual,50,424.0,3,3,12,11,4029.0,0
C00984,West,Annual,55,432.0,0,3,101,12,6088.0,0
C00985,South,Monthly,11,860.0,0,2,53,8,6946.0,0
C00986,North,Monthly,3,749.0,0,1,12,5,4278.0,1
C00987,South,Monthly,61,624.0,0,2,23,5,2590.0,0
C00988,South,Monthly,23,993.0,0,1,90,14,11914.0,1
C00989,South,Monthly,34,992.0,2,4,59,15,12697.0,1
C00990,North,Monthly,45,729.0,0,1,7,11,7921.0,0
C00991,East,Annual,35,388.0,2,2,163,10,3433.0,1
C00992,East,Annual,68,630.0,1,7,20,12,6078.0,1
C00993,North,Monthly,60,500.0,2,3,23,11,6818.0,1
C00994,South,Monthly,28,666.0,2,3,51,9,7048.0,1
C00995,South,Two-year,14,481.0,0,4,70,8,4172.0,0
C00996,South,Monthly,70,435.0,0,2,5,5,2528.0,0
C00997,South,Annual,51,243.0,2,4,17,7,1618.0,0
C00998,South,Monthly,54,680.0,1,2,142,5,3920.0,1
C00999,South,Two-year,33,236.0,0,1,166,10,2502.0,0
C01000,West,Monthly,35,592.0,1,1,28,7,3499.0,1
C01001,South,Monthly,13,775.0,2,2,17,8,7020.0,0
C01002,West,Annual,31,520.0,2,6,10,8,5395.0,0
C01003,South,Monthly,39,455.0,0,1,61,15,6334.0,0
C01004,East,Annual,10,638.0,3,4,19,14,7166.0,1
C01005,South,Monthly,46,501.0,2,4,75,8,4711.0,1
C01006,West,Monthly,44,683.0,0,3,1,12,7699.0,0
C01007,West,Monthly,60,464.0,1,3,66,5,2326.0,0
C01008,South,Annual,4,631.0,0,2,31,11,5580.0,0
C01009,South,Two-year,17,588.0,1,6,57,9,4404.0,0
C01010,West,Monthly,31,648.0,1,1,23,9,6733.0,1
C01011,West,Two-year,63,944.0,2,4,66,13,15733.0,1
C01012,West,Annual,17,686.0,1,1,20,14,10519.0,0
C01013,North,Monthly,70,741.0,0,2,37,10,9049.0,0
C01014,North,Monthly,68,538.0,0,0,8,14,6801.0,0
C01015,South,Monthly,7,690.0,2,4,82,7,4027.0,1
C01016,East,Monthly,26,601.0,1,2,96,9,5266.0,0
C01017,North,Annual,19,655.0,1,3,10,8,4737.0,0
C01018,South,Monthly,35,767.0,3,6,59,5,4250.0,0
C01019,South,Monthly,66,560.0,0,1,9,10,7158.0,0
C01020,North,Annual,27,578.0,2,2,14,10,5292.0,0
C01021,East,Monthly,48,562.0,2,2,18,12,8436.0,0
C01022,North,Two-year,10,559.0,0,2,33,14,8363.0,0
C01023,West,Annual,41,681.0,1,2,33,5,2898.0,0
C01024,South,Monthly,26,584.0,0,0,50,10,6237.0,0
C01025,South,Monthly,66,920.0,0,5,25,4,3803.0,0
C01026,South,Monthly,56,1132.0,0,2,159,14,18614.0,0
C01027,North,Two-year,16,548.0,1,2,129,7,4505.0,0
C01028,South,Monthly,45,703.0,0,1,36,16,12604.0,1
C01029,West,Two-year,25,837.0,0,2,17,11,10440.0,0
C01030,South,Two-year,32,602.0,2,5,4,7,4651.0,0
C01031,North,Monthly,33,471.0,1,5,6,8,3460.0,0
C01032,East,Annual,59,963.0,1,6,40,16,19457.0,0
C01033,North,Annual,21,774.0,0,3,13,12,8414.0,1
C01034,South,Monthly,1,707.0,0,2,129,6,4656.0,0
C01035,South,Two-year,14,911.0,0,3,27,10,10813.0,0
C01036,South,Monthly,59,789.0,0,2,55,9,5978.0,0
C01037,North,Two-year,22,641.0,1,4,5,10,6571.0,0
C01038,North,Annual,5,474.0,0,3,44,10,3863.0,0
C01039,North,Monthly,29,561.0,3,4,7,12,6147.0,0
C01040,South,Monthly,62,867.0,2,5,24,11,10663.0,0
C01041,East,Monthly,62,773.0,0,0,7,5,4857.0,0
C01042,East,Monthly,68,616.0,1,1,9,5,2933.0,0
C01043,North,Annual,49,968.0,2,5,69,13,15320.0,0
C01044,North,Monthly,59,622.0,0,0,41,13,8591.0,0
C01045,East,Two-year,55,828.0,2,6,7,10,9774.0,0
C01046,South,Monthly,2,690.0,1,2,7,7,5820.0,1
C01047,West,Monthly,30,998.0,2,5,20,13,14504.0,1
C01048,North,Monthly,38,786.0,0,3,83,12,9539.0,0
C01049,North,Monthly,33,658.0,1,2,14,11,7904.0,0
C01050,South,Annual,59,618.0,0,2,2,8,5664.0,0
C01051,East,Monthly,70,647.0,1,4,22,7,5573.0,0
C01052,South,Annual,39,519.0,1,2,14,4,2230.0,0
C01053,North,Annual,7,404.0,1,7,4,10,4997.0,1
C01054,North,Monthly,26,706.0,2,5,4,12,8424.0,0
C01055,East,Monthly,15,554.0,3,4,125,9,5882.0,1
C01056,North,Monthly,34,553.0,0,5,15,6,3666.0,0
C01057,East,Monthly,17,634.0,2,8,41,7,3722.0,0
C01058,North,Annual,6,659.0,0,0,84,10,6926.0,1
C01059,South,Monthly,13,651.0,0,3,15,7,5386.0,0
C01060,North,Monthly,36,963.0,0,2,10,6,6565.0,0
C01061,West,Monthly,11,769.0,0,2,60,10,8319.0,0
C01062,North,Monthly,2,1029.0,0,6,24,3,3693.0,1
C01063,North,Two-year,20,571.0,0,1,295,11,7861.0,1
C01064,West,Annual,46,791.0,0,0,3,10,6895.0,0
C01065,North,Annual,45,581.0,0,0,15,9,4851.0,0
C01066,North,Monthly,28,549.0,2,5,30,13,9238.0,0
C01067,North,Monthly,48,1036.0,1,4,4,7,6678.0,0
C01068,East,Monthly,14,512.0,0,3,4,9,5593.0,1
C01069,South,Annual,52,248.0,1,1,9,13,3437.0,0
C01070,West,Monthly,2,523.0,1,2,12,9,4671.0,0
C01071,East,Monthly,10,289.0,1,6,64,10,3363.0,1
C01072,South,Annual,66,479.0,0,2,2,10,5636.0,0
C01073,North,Annual,34,495.0,1,0,16,5,2317.0,0
C01074,West,Monthly,40,656.0,1,3,5,5,2642.0,0
C01075,West,Monthly,29,281.0,2,0,61,8,2673.0,1
C01076,West,Two-year,46,865.0,2,2,32,13,12873.0,0
C01077,North,Monthly,54,312.0,1,1,5,12,3221.0,0
C01078,East,Two-year,56,627.0,1,2,59,8,4105.0,0
C01079,East,Monthly,18,592.0,2,7,4,10,6691.0,0
C01080,West,Two-year,45,799.0,1,5,29,6,5276.0,0
C01081,North,Two-year,56,713.0,1,4,59,11,9267.0,0
C01082,West,Monthly,30,864.0,0,2,35,7,7479.0,1
C01083,East,Annual,28,585.0,0,0,72,12,7947.0,0
C01084,West,Monthly,45,566.0,1,3,14,4,2531.0,1
C01085,East,Monthly,41,724.0,0,2,25,6,4606.0,0
C01086,West,Monthly,18,835.0,0,5,8,6,5426.0,0
C01087,South,Annual,69,799.0,1,4,51,8,8227.0,0
C01088,North,Monthly,40,708.0,1,2,54,12,6995.0,1
C01089,South,Monthly,41,692.0,0,1,12,5,3708.0,0
C01090,West,Two-year,15,643.0,0,1,63,10,5940.0,1
C01091,North,Two-year,48,724.0,0,0,15,3,2525.0,0
C01092,East,Monthly,66,1016.0,1,1,3,9,10738.0,0
C01093,West,Monthly,52,606.0,1,3,142,7,3956.0,0
C01094,West,Monthly,37,584.0,0,1,56,9,6198.0,0
C01095,East,Monthly,46,571.0,0,5,185,5,3203.0,1
C01096,West,Two-year,17,720.0,1,3,40,6,5501.0,0
C01097,North,Two-year,5,268.0,2,2,63,6,1942.0,1
C01098,South,Monthly,46,626.0,1,4,54,13,9651.0,0
C01099,South,Monthly,13,809.0,0,2,63,5,3520.0,1
C01100,West,Monthly,7,555.0,1,1,10,6,4307.0,0
C01101,North,Monthly,56,684.0,2,3,38,9,7376.0,0
C01102,North,Monthly,31,1030.0,1,3,18,8,10063.0,0
C01103,East,Monthly,61,710.0,1,1,75,10,8348.0,1
C01104,South,Monthly,62,247.0,1,3,9,13,3941.0,0
C01105,West,Monthly,9,396.0,0,3,6,10,4373.0,0
C01106,South,Annual,55,605.0,1,5,6,10,4880.0,0
C01107,West,Annual,24,505.0,0,1,18,6,3126.0,0
C01108,South,Monthly,50,669.0,0,3,133,15,9274.0,0
C01109,West,Monthly,4,597.0,0,2,18,10,5705.0,1
C01110,East,Annual,34,860.0,1,1,4,11,8871.0,0
C01111,North,Monthly,45,454.0,3,3,62,3,1519.0,0
C01112,South,Two-year,32,613.0,2,5,24,13,9515.0,0
C01113,West,Monthly,40,689.0,0,2,58,6,5104.0,1
C01114,North,Two-year,1,711.0,2,3,2,7,6157.0,1
C01115,East,Monthly,1,676.0,3,6,12,5,2738.0,1
C01116,North,Annual,43,216.0,2,6,45,10,2543.0,0
C01117,West,Monthly,30,665.0,1,7,5,6,5047.0,1
C01118,North,Annual,41,623.0,3,5,57,7,5176.0,1
C01119,South,Annual,26,806.0,1,5,22,7,4842.0,0
C01120,South,Monthly,1,780.0,1,2,36,8,7979.0,0
C01121,North,Annual,50,693.0,2,2,38,8,5827.0,0
C01122,South,Monthly,10,706.0,4,5,41,7,5372.0,1
C01123,West,Monthly,56,893.0,3,5,88,9,7567.0,1
C01124,East,Monthly,1,857.0,0,0,5,9,9435.0,1
C01125,West,Annual,66,700.0,1,4,91,11,9537.0,0
C01126,West,Two-year,18,1036.0,2,7,2,7,8760.0,0
C01127,East,Monthly,64,537.0,0,3,30,9,4367.0,0
C01128,South,Annual,1,437.0,0,4,13,10,3774.0,0
C01129,West,Two-year,32,648.0,1,2,13,5,4174.0,0
C01130,South,Annual,30,583.0,2,4,20,8,5765.0,0
C01131,South,Monthly,12,206.0,3,1,24,13,3289.0,0
C01132,West,Monthly,34,533.0,2,4,84,12,7611.0,1
C01133,West,Monthly,16,712.0,3,6,101,18,10935.0,1
C01134,South,Monthly,32,640.0,1,2,127,10,6767.0,1
C01135,North,Monthly,27,510.0,2,3,144,7,3062.0,0
C01136,East,Annual,15,658.0,4,8,77,7,4658.0,1
C01137,East,Annual,56,672.0,3,2,16,6,3551.0,0
C01138,South,Annual,38,779.0,1,1,6,9,7290.0,0
C01139,East,Monthly,60,535.0,0,3,121,11,6684.0,0
C01140,South,Monthly,58,807.0,1,2,26,12,11819.0,0
C01141,South,Annual,19,454.0,0,1,118,11,4197.0,0
C01142,East,Monthly,21,559.0,2,5,1,10,6965.0,1
C01143,South,Two-year,68,956.0,2,4,49,11,9410.0,0
C01144,West,Monthly,23,466.0,2,4,5,5,2963.0,0
C01145,North,Monthly,7,531.0,1,1,8,8,4422.0,0
C01146,West,Annual,39,424.0,0,5,22,10,3512.0,0
C01147,South,Annual,69,501.0,0,3,5,8,4791.0,1
C01148,West,Monthly,17,675.0,1,3,24,11,6115.0,0
C01149,West,Annual,46,777.0,0,5,31,8,6923.0,0
C01150,North,Monthly,24,647.0,1,0,72,8,6203.0,1
C01151,West,Monthly,28,592.0,3,4,18,14,8549.0,1
C01152,South,Monthly,33,426.0,0,2,62,13,6317.0,1
C01153,South,Annual,11,519.0,0,5,54,9,5074.0,0
C01154,West,Annual,28,372.0,0,3,122,11,3417.0,0
C01155,West,Monthly,20,783.0,1,3,3,9,8081.0,0
C01156,East,Annual,59,795.0,1,4,86,8,8117.0,0
C01157,West,Annual,17,643.0,1,3,108,13,8120.0,0
C01158,South,Monthly,61,729.0,0,3,88,10,6292.0,0
C01159,North,Monthly,2,808.0,2,1,39,14,10499.0,1
C01160,North,Monthly,29,668.0,1,6,29,8,5973.0,0
C01161,South,Monthly,20,901.0,1,3,14,8,9311.0,0
C01162,East,Two-year,32,466.0,1,6,62,11,6181.0,0
C01163,South,Annual,55,587.0,1,5,15,10,6988.0,0
C01164,South,Monthly,68,566.0,0,1,3,8,4438.0,0
C01165,North,Monthly,52,767.0,1,4,55,6,5085.0,0
C01166,South,Monthly,36,392.0,0,2,79,11,4321.0,0
C01167,East,Monthly,37,911.0,1,3,54,17,12844.0,1
C01168,North,Monthly,71,751.0,2,1,122,8,6282.0,0
C01169,East,Monthly,71,965.0,0,2,3,13,13473.0,0
C01170,West,Monthly,55,643.0,2,1,29,5,3934.0,0
C01171,South,Monthly,12,551.0,1,3,9,7,4557.0,1
C01172,West,Monthly,19,768.0,2,4,49,9,7099.0,0
C01173,West,Monthly,20,836.0,2,3,62,8,7014.0,0
C01174,North,Monthly,17,521.0,1,2,8,11,6856.0,1
C01175,East,Monthly,69,290.0,0,1,40,10,2739.0,0
C01176,North,Monthly,12,321.0,2,2,23,7,2202.0,0
C01177,South,Monthly,61,697.0,0,0,10,6,5235.0,0
C01178,East,Two-year,58,927.0,0,3,18,10,10940.0,0
C01179,East,Monthly,38,416.0,1,9,12,7,3703.0,0
C01180,West,Annual,22,601.0,0,3,29,14,10429.0,1
C01181,East,Monthly,19,587.0,0,1,29,9,6240.0,1
C01182,West,Monthly,48,996.0,1,3,66,7,6489.0,1
C01183,South,Monthly,48,1057.0,1,1,1,9,10088.0,0
C01184,North,Annual,39,726.0,0,0,48,6,4392.0,0
C01185,North,Two-year,41,812.0,1,1,52,9,7272.0,1
C01186,South,Monthly,59,807.0,0,2,35,9,8640.0,0
C01187,East,Monthly,54,420.0,2,3,61,15,6261.0,0
C01188,North,Annual,54,776.0,0,2,2,8,5425.0,0
C01189,South,Monthly,20,466.0,0,2,3,6,2724.0,0
C01190,North,Monthly,5,619.0,3,3,52,6,4470.0,1
C01191,South,Annual,33,855.0,2,3,44,9,8110.0,0
C01192,South,Monthly,25,665.0,1,2,86,6,3217.0,1
C01193,North,Annual,24,848.0,1,2,24,9,8483.0,0
C01194,North,Monthly,37,884.0,0,2,31,7,5491.0,1
C01195,South,Monthly,66,334.0,2,3,76,6,1711.0,0
C01196,South,Two-year,58,258.0,1,1,45,6,1474.0,0
C01197,West,Monthly,48,859.0,1,2,45,7,7126.0,0
C01198,North,Monthly,51,866.0,3,6,38,14,10003.0,1
C01199,South,Monthly,30,696.0,1,4,136,9,5660.0,0
C01200,South,Monthly,40,721.0,3,1,45,13,8448.0,1
C01201,East,Monthly,31,811.0,1,4,7,11,10807.0,0
C01202,South,Monthly,58,807.0,1,3,12,10,7465.0,0
C01203,North,Monthly,71,595.0,3,2,6,12,7780.0,0
C01204,West,Monthly,31,822.0,0,0,36,4,2838.0,0
C01205,West,Annual,52,588.0,0,3,3,6,4218.0,0
C01206,South,Monthly,4,694.0,3,7,33,2,1291.0,1
C01207,South,Two-year,29,686.0,0,3,64,9,6363.0,0
C01208,North,Monthly,62,495.0,2,5,19,11,5260.0,1
C01209,North,Monthly,49,516.0,1,2,16,10,5824.0,0
C01210,North,Two-year,38,1052.0,1,3,1,10,9775.0,0
C01211,East,Annual,16,489.0,0,1,19,9,3522.0,0
C01212,North,Monthly,58,717.0,1,5,10,12,9144.0,0
C01213,North,Monthly,69,754.0,0,5,138,15,14561.0,0
C01214,North,Annual,28,640.0,1,2,93,10,7779.0,1
C01215,North,Monthly,58,771.0,2,5,2,9,8996.0,0
C01216,South,Monthly,42,709.0,2,3,86,4,2899.0,0
C01217,South,Monthly,29,493.0,1,3,5,7,3741.0,1
C01218,South,Annual,24,747.0,0,1,18,6,5373.0,0
C01219,South,Annual,36,552.0,0,2,42,5,2673.0,0
C01220,South,Monthly,30,963.0,2,2,29,9,7423.0,1
C01221,West,Two-year,44,727.0,1,7,28,11,7073.0,0
C01222,North,Monthly,11,524.0,0,4,66,10,6714.0,0
C01223,North,Annual,34,712.0,1,2,2,8,6807.0,0
C01224,West,Monthly,53,484.0,0,2,93,9,4114.0,0
C01225,East,Annual,60,696.0,0,2,55,12,9942.0,0
C01226,South,Monthly,20,609.0,1,4,144,14,9826.0,1
C01227,North,Monthly,43,501.0,1,4,11,10,5184.0,1
C01228,North,Monthly,22,499.0,1,1,28,8,3239.0,1
C01229,North,Two-year,57,1088.0,0,1,18,6,7599.0,0
C01230,West,Monthly,26,666.0,0,1,30,7,4407.0,0
C01231,South,Monthly,48,572.0,1,2,32,9,4817.0,0
C01232,North,Monthly,31,541.0,0,1,33,11,6326.0,0
C01233,North,Annual,19,735.0,1,3,7,12,8229.0,0
C01234,North,Annual,41,535.0,1,4,97,7,4337.0,0
C01235,North,Monthly,45,453.0,0,1,55,9,3857.0,0
C01236,South,Monthly,49,644.0,3,4,84,10,7750.0,1
C01237,South,Annual,57,643.0,1,1,3,7,4585.0,0
C01238,West,Monthly,48,575.0,2,4,24,6,3651.0,0
C01239,East,Monthly,61,490.0,1,1,16,9,3605.0,0
C01240,West,Monthly,31,580.0,0,4,72,10,4699.0,0
C01241,West,Monthly,37,565.0,2,1,13,13,6654.0,0
C01242,West,Two-year,35,540.0,2,1,41,11,5785.0,0
C01243,West,Annual,42,700.0,2,4,34,12,7460.0,0
C01244,South,Monthly,10,1051.0,1,4,30,6,6629.0,1
C01245,North,Annual,61,890.0,2,3,34,5,4898.0,1
C01246,North,Monthly,38,1000.0,1,1,39,13,15621.0,1
C01247,East,Two-year,40,548.0,0,3,55,7,4054.0,0
C01248,East,Monthly,63,951.0,0,2,10,10,9354.0,0
C01249,North,Two-year,34,691.0,0,3,72,11,9592.0,0
C01250,West,Two-year,33,828.0,0,1,10,13,10956.0,0
C01251,West,Two-year,41,732.0,0,1,8,4,2754.0,0
C01252,East,Monthly,67,588.0,0,1,18,14,6898.0,0
C01253,South,Annual,18,780.0,0,1,34,14,9744.0,1
C01254,North,Annual,12,737.0,0,3,39,5,4221.0,0
C01255,South,Monthly,8,332.0,1,4,68,6,1791.0,0
C01256,North,Monthly,53,628.0,1,1,68,8,4936.0,0
C01257,East,Annual,1,807.0,0,2,42,11,7224.0,0
C01258,South,Two-year,51,700.0,1,2,40,10,6923.0,0
C01259,North,Annual,63,735.0,2,4,11,12,9914.0,0
C01260,South,Monthly,49,515.0,0,0,3,1,468.0,1
C01261,South,Annual,13,696.0,1,2,26,4,2233.0,0
C01262,South,Monthly,48,633.0,2,4,16,11,8472.0,0
C01263,West,Monthly,32,613.0,0,1,8,8,5691.0,0
C01264,North,Annual,2,528.0,1,0,76,3,2053.0,0
C01265,West,Annual,15,815.0,1,2,26,8,5658.0,0
C01266,North,Annual,53,712.0,1,1,86,9,7297.0,0
C01267,North,Monthly,40,694.0,0,3,75,5,3223.0,0
C01268,West,Monthly,36,1019.0,2,2,86,6,6427.0,1
C01269,East,Annual,56,735.0,2,6,94,6,5174.0,0
C01270,East,Monthly,38,866.0,2,2,51,8,6125.0,0
C01271,East,Two-year,69,699.0,2,7,12,4,2888.0,0
C01272,South,Two-year,4,586.0,0,2,38,6,3286.0,0
C01273,West,Two-year,21,459.0,2,7,12,10,4028.0,1
C01274,North,Two-year,14,693.0,1,5,18,8,6439.0,0
C01275,West,Monthly,30,199.0,1,2,15,14,2589.0,0
C01276,West,Monthly,65,699.0,3,3,6,8,5954.0,0
C01277,West,Annual,30,707.0,1,2,113,13,10536.0,1
C01278,East,Monthly,23,611.0,0,1,2,13,8114.0,0
C01279,East,Annual,7,633.0,3,9,23,13,7132.0,0
C01280,South,Monthly,28,425.0,0,4,6,3,1028.0,1
C01281,South,Two-year,17,899.0,1,3,50,16,14255.0,0
C01282,West,Monthly,14,589.0,1,2,55,9,6866.0,1
C01283,East,Annual,10,475.0,0,1,20,9,5499.0,0
C01284,South,Monthly,45,748.0,1,2,3,14,10725.0,0
C01285,West,Annual,51,670.0,1,3,73,11,7429.0,0
C01286,North,Two-year,53,585.0,0,1,7,10,6570.0,0
C01287,West,Monthly,4,566.0,0,0,52,8,5507.0,0
C01288,West,Monthly,66,649.0,0,2,4,5,3534.0,1
C01289,North,Monthly,37,892.0,2,4,3,7,7256.0,1
C01290,North,Annual,40,735.0,2,5,41,13,7759.0,0
C01291,East,Annual,63,644.0,2,1,30,6,4788.0,0
C01292,North,Annual,20,803.0,1,5,29,8,6870.0,0
C01293,West,Monthly,36,655.0,3,5,29,7,4797.0,0
C01294,North,Monthly,6,722.0,1,5,84,7,4589.0,1
C01295,North,Two-year,35,677.0,2,3,4,7,4113.0,0
C01296,North,Annual,19,756.0,1,2,60,15,11159.0,0
C01297,West,Monthly,13,570.0,0,1,11,11,7900.0,0
C01298,South,Monthly,44,445.0,2,2,11,11,5285.0,1
C01299,West,Monthly,10,813.0,0,6,5,8,6543.0,0
C01300,West,Annual,70,921.0,2,5,102,10,8009.0,0
C01301,East,Annual,17,453.0,2,7,81,8,3011.0,0
C01302,North,Annual,6,682.0,3,7,18,11,8276.0,1
C01303,North,Annual,32,569.0,2,4,40,7,5095.0,0
C01304,West,Two-year,28,809.0,0,1,41,7,5799.0,0
C01305,North,Monthly,47,694.0,0,2,36,9,5737.0,0
C01306,West,Monthly,48,1249.0,3,2,23,8,9876.0,1
C01307,West,Monthly,43,596.0,1,3,19,3,1887.0,0
C01308,East,Two-year,41,927.0,2,3,43,9,9818.0,0
C01309,East,Annual,56,944.0,0,2,51,9,8723.0,0
C01310,West,Monthly,47,746.0,3,3,26,12,11309.0,1
C01311,West,Annual,10,657.0,2,2,15,5,3680.0,0
C01312,East,Monthly,33,667.0,1,3,120,7,4017.0,0
C01313,South,Monthly,49,652.0,2,5,6,5,2794.0,0
C01314,South,Annual,19,854.0,0,6,19,7,6431.0,0
C01315,South,Two-year,62,493.0,0,2,14,10,5923.0,0
C01316,West,Monthly,35,621.0,0,1,30,12,7949.0,0
C01317,East,Monthly,23,599.0,2,4,24,10,7200.0,1
C01318,West,Two-year,28,339.0,0,3,2,7,1994.0,0
C01319,North,Annual,44,805.0,0,3,26,6,4658.0,0
C01320,West,Annual,51,841.0,1,3,61,11,7623.0,0
C01321,South,Monthly,19,536.0,0,4,122,5,2621.0,1
C01322,East,Monthly,13,835.0,3,9,39,14,12677.0,1
C01323,North,Monthly,7,365.0,0,2,9,6,2766.0,0
C01324,West,Monthly,36,654.0,3,3,11,9,6063.0,1
C01325,East,Annual,66,627.0,0,1,73,10,6193.0,0
C01326,South,Annual,69,666.0,1,2,146,12,9109.0,1
C01327,South,Annual,40,665.0,0,2,32,12,9249.0,0
C01328,South,Monthly,38,636.0,1,3,8,8,4506.0,0
C01329,South,Monthly,36,580.0,0,0,35,15,10008.0,1
C01330,North,Annual,17,630.0,0,5,64,12,8088.0,0
C01331,South,Monthly,30,895.0,0,2,15,9,8495.0,0
C01332,South,Monthly,67,546.0,2,5,32,5,3524.0,0
C01333,South,Monthly,44,1056.0,0,2,5,8,10016.0,1
C01334,East,Monthly,18,536.0,1,6,9,12,7766.0,1
C01335,South,Monthly,7,693.0,1,3,5,5,4195.0,0
C01336,North,Monthly,54,753.0,1,1,98,9,7616.0,1
C01337,West,Two-year,65,597.0,2,5,57,12,5823.0,0
C01338,South,Monthly,8,899.0,1,3,33,9,7963.0,0
C01339,East,Annual,27,748.0,2,4,41,15,13278.0,1
C01340,West,Annual,61,613.0,1,4,6,11,6001.0,0
C01341,West,Monthly,18,897.0,2,6,4,7,8029.0,1
C01342,South,Monthly,13,467.0,2,2,8,12,4503.0,0
C01343,South,Monthly,28,548.0,1,1,6,11,6505.0,1
C01344,West,Monthly,28,751.0,1,1,63,7,4428.0,0
C01345,West,Monthly,35,794.0,2,1,4,9,8434.0,0
C01346,North,Two-year,69,708.0,1,7,110,10,7848.0,0
C01347,East,Monthly,70,627.0,1,4,133,7,4400.0,0
C01348,West,Monthly,42,605.0,1,2,21,10,5147.0,0
C01349,West,Two-year,6,854.0,0,4,150,10,8761.0,0
C01350,North,Annual,19,693.0,0,4,49,5,3378.0,0
C01351,South,Annual,13,493.0,1,1,31,7,3085.0,1
C01352,South,Monthly,1,483.0,1,3,9,8,3446.0,0
C01353,North,Two-year,28,922.0,5,6,24,6,6770.0,1
C01354,East,Annual,1,521.0,0,0,8,9,4522.0,0
C01355,South,Annual,41,699.0,0,0,60,13,7721.0,0
C01356,North,Annual,20,893.0,0,2,29,6,4710.0,0
C01357,South,Monthly,52,748.0,4,6,78,6,5074.0,1
C01358,West,Two-year,38,514.0,1,5,5,9,4556.0,0
C01359,West,Two-year,68,467.0,2,3,88,13,5028.0,0
C01360,West,Annual,35,987.0,0,2,64,9,7350.0,0
C01361,West,Monthly,12,463.0,2,8,7,10,3842.0,1
C01362,West,Annual,66,550.0,2,3,39,11,7070.0,0
C01363,South,Monthly,22,717.0,3,4,190,5,4392.0,1
C01364,North,Annual,55,611.0,0,2,51,6,4482.0,0
C01365,West,Monthly,56,753.0,2,9,11,5,4039.0,0
C01366,East,Annual,66,386.0,1,1,65,7,2691.0,0
C01367,South,Two-year,46,612.0,1,1,30,12,7040.0,0
C01368,West,Monthly,37,772.0,0,4,18,7,6337.0,1
C01369,South,Annual,28,773.0,0,0,15,10,9306.0,0
C01370,West,Two-year,32,547.0,1,4,116,11,7638.0,1
C01371,South,Monthly,56,466.0,1,2,5,7,4216.0,0
C01372,North,Monthly,41,688.0,0,0,1,9,7136.0,1
C01373,West,Monthly,4,414.0,0,3,223,10,3710.0,0
C01374,West,Annual,27,881.0,1,3,126,6,6772.0,1
C01375,East,Monthly,65,678.0,1,4,42,7,4088.0,0
C01376,East,Monthly,15,525.0,0,1,53,6,2960.0,1
C01377,North,Monthly,34,460.0,1,1,20,6,3357.0,0
C01378,North,Monthly,60,536.0,1,5,21,9,5102.0,0
C01379,North,Monthly,21,369.0,1,2,167,11,3743.0,1
C01380,North,Annual,49,739.0,2,3,44,8,6278.0,0
C01381,South,Monthly,56,505.0,1,1,3,10,5985.0,1
C01382,South,Annual,24,722.0,0,1,12,8,5411.0,0
C01383,North,Annual,64,747.0,0,1,90,7,5493.0,0
C01384,South,Two-year,32,824.0,2,4,3,11,8553.0,0
C01385,North,Monthly,22,695.0,0,2,11,11,7637.0,1
C01386,North,Annual,17,853.0,0,1,3,7,5410.0,0
C01387,West,Annual,19,899.0,1,0,15,10,10372.0,0
C01388,West,Monthly,40,696.0,1,3,1,11,7327.0,0
C01389,West,Monthly,16,707.0,2,5,37,7,5213.0,1
C01390,North,Monthly,26,550.0,1,4,19,6,3968.0,1
C01391,East,Annual,51,472.0,1,2,72,4,1644.0,0
C01392,North,Monthly,63,881.0,1,4,41,8,7970.0,0
C01393,South,Two-year,49,759.0,2,8,58,10,7327.0,0
C01394,West,Annual,38,774.0,0,0,45,11,8889.0,1
C01395,South,Annual,50,544.0,1,2,59,7,4410.0,0
C01396,West,Two-year,30,942.0,1,2,103,7,8320.0,1
C01397,East,Annual,20,609.0,1,5,109,7,5245.0,0
C01398,South,Monthly,54,506.0,2,3,45,9,5693.0,0
C01399,North,Monthly,10,547.0,2,5,16,12,5414.0,1
C01400,West,Annual,65,933.0,1,3,33,15,14142.0,0
C01401,South,Monthly,31,450.0,0,1,78,14,7564.0,0
C01402,North,Two-year,59,515.0,3,2,34,12,7451.0,0
C01403,North,Monthly,8,1172.0,0,1,5,7,8285.0,0
C01404,West,Monthly,36,819.0,0,1,17,12,9265.0,0
C01405,North,Annual,30,518.0,0,2,21,8,4452.0,0
C01406,West,Annual,26,455.0,1,2,27,7,3737.0,0
C01407,East,Two-year,37,349.0,1,5,91,16,6398.0,0
C01408,South,Monthly,48,667.0,0,2,118,9,5555.0,1
C01409,South,Monthly,67,781.0,0,2,16,5,3125.0,0
C01410,West,Annual,58,923.0,1,0,24,10,11474.0,0
C01411,South,Two-year,17,309.0,0,5,17,10,3160.0,0
C01412,North,Monthly,70,411.0,1,2,33,13,6498.0,0
C01413,North,Annual,36,628.0,1,4,39,15,11640.0,0
C01414,West,Monthly,33,1152.0,0,2,24,8,11699.0,0
C01415,East,Annual,1,809.0,0,1,17,10,7899.0,0
C01416,South,Monthly,48,717.0,0,1,6,10,8101.0,0
C01417,North,Two-year,63,430.0,0,0,2,10,4722.0,0
C01418,South,Monthly,21,268.0,2,3,31,17,4019.0,0
C01419,West,Annual,62,657.0,1,5,5,12,8030.0,0
C01420,North,Annual,7,632.0,1,4,81,12,7700.0,0
C01421,West,Monthly,69,602.0,2,8,4,16,8625.0,0
C01422,West,Monthly,18,582.0,1,3,57,10,5747.0,1
C01423,South,Annual,35,515.0,0,1,23,7,3670.0,1
C01424,West,Annual,2,474.0,0,3,114,9,5119.0,0
C01425,East,Annual,64,900.0,0,2,75,12,13275.0,0
C01426,East,Annual,37,490.0,0,4,134,12,6812.0,0
C01427,North,Monthly,69,600.0,1,7,41,11,7937.0,1
C01428,West,Two-year,27,643.0,0,0,100,11,6007.0,1
C01429,South,Monthly,5,777.0,0,6,3,8,6704.0,0
C01430,West,Annual,49,497.0,0,1,13,7,3233.0,0
C01431,North,Two-year,12,826.0,0,2,39,5,4168.0,0
C01432,South,Two-year,44,546.0,0,3,48,7,4401.0,0
C01433,West,Monthly,3,621.0,0,2,51,8,6327.0,1
C01434,South,Monthly,12,946.0,0,2,1,4,3702.0,1
C01435,North,Annual,46,476.0,0,6,10,7,3628.0,0
C01436,West,Monthly,48,780.0,2,1,108,18,11984.0,1
C01437,North,Annual,11,831.0,2,4,23,8,7587.0,0
C01438,West,Monthly,14,706.0,1,2,86,5,3244.0,0
C01439,West,Monthly,61,629.0,1,1,14,10,6507.0,0
C01440,North,Monthly,1,1033.0,1,4,35,12,11936.0,1
C01441,South,Annual,17,648.0,3,3,34,13,6953.0,0
C01442,West,Annual,69,687.0,3,2,51,10,8040.0,0
C01443,West,Monthly,39,589.0,1,3,224,8,5229.0,1
C01444,South,Monthly,2,677.0,3,3,5,11,9002.0,1
C01445,East,Monthly,64,824.0,0,4,13,12,12589.0,0
C01446,East,Annual,25,600.0,0,2,68,7,4223.0,0
C01447,North,Annual,51,270.0,0,1,14,9,2863.0,0
C01448,East,Two-year,46,742.0,3,5,3,8,5668.0,0
C01449,South,Two-year,27,456.0,3,2,58,10,4635.0,1
C01450,South,Monthly,27,784.0,1,2,71,9,8594.0,0
C01451,South,Two-year,40,650.0,0,1,4,5,4060.0,0
C01452,West,Monthly,28,820.0,2,1,97,3,2430.0,0
C01453,North,Annual,13,479.0,3,7,11,6,3453.0,0
C01454,North,Monthly,52,554.0,0,1,7,5,3277.0,0
C01455,North,Annual,48,589.0,2,6,22,5,2631.0,0
C01456,North,Annual,43,383.0,0,2,41,12,5114.0,0
C01457,West,Monthly,53,850.0,0,3,100,16,14254.0,1
C01458,South,Two-year,37,357.0,0,2,35,15,4452.0,0
C01459,North,Two-year,66,848.0,1,0,68,8,7283.0,0
C01460,West,Two-year,63,726.0,0,3,18,8,7491.0,0
C01461,North,Monthly,70,614.0,2,3,32,11,8037.0,1
C01462,South,Two-year,8,712.0,0,1,45,9,5770.0,0
C01463,West,Annual,8,707.0,2,5,65,12,7725.0,1
C01464,West,Annual,34,578.0,0,1,77,7,3882.0,0
C01465,North,Monthly,50,704.0,1,2,14,4,2278.0,0
C01466,East,Annual,17,782.0,2,3,14,11,7198.0,0
C01467,East,Annual,9,480.0,2,3,195,10,5566.0,0
C01468,East,Annual,3,712.0,0,1,90,14,10699.0,1
C01469,North,Two-year,40,199.0,2,6,73,12,2741.0,0
C01470,West,Monthly,70,303.0,1,4,17,7,2455.0,0
C01471,South,Annual,33,752.0,1,3,1,9,5664.0,0
C01472,East,Monthly,53,575.0,0,5,20,7,5124.0,0
C01473,West,Monthly,4,496.0,2,4,24,7,4460.0,1
C01474,West,Monthly,16,640.0,0,1,26,13,6798.0,1
C01475,West,Monthly,49,579.0,2,3,2,12,5794.0,0
C01476,North,Monthly,29,472.0,1,4,29,9,5139.0,1
C01477,North,Monthly,2,355.0,0,4,42,11,4311.0,0
C01478,South,Monthly,17,296.0,0,3,22,8,3069.0,0
C01479,North,Annual,57,783.0,2,4,19,9,6508.0,0
C01480,East,Monthly,49,574.0,4,9,139,14,9625.0,0
C01481,East,Monthly,58,825.0,1,4,25,9,7888.0,0
C01482,South,Monthly,25,572.0,1,4,33,9,5547.0,1
C01483,North,Monthly,66,714.0,1,2,1,8,5166.0,1
C01484,West,Monthly,66,627.0,2,3,28,6,4151.0,0
C01485,South,Two-year,27,658.0,2,4,26,5,3308.0,0
C01486,South,Annual,15,667.0,2,2,2,13,7893.0,1
C01487,South,Monthly,69,570.0,1,8,111,8,5557.0,0
C01488,North,Monthly,25,429.0,0,2,24,12,4670.0,1
C01489,East,Monthly,36,788.0,2,4,16,8,5990.0,1
C01490,North,Annual,67,937.0,1,3,78,16,12645.0,0
C01491,South,Two-year,20,949.0,1,4,57,9,9721.0,0
C01492,North,Monthly,63,550.0,0,2,3,10,5181.0,0
C01493,North,Monthly,12,518.0,3,7,107,10,6625.0,0
C01494,North,Annual,21,550.0,1,1,11,9,5795.0,0
C01495,North,Monthly,28,618.0,0,0,15,8,6183.0,0
C01496,West,Monthly,35,641.0,0,1,125,7,4030.0,0
C01497,West,Annual,18,470.0,1,3,5,9,4737.0,0
C01498,North,Annual,63,384.0,1,2,18,9,4285.0,0
C01499,North,Monthly,48,659.0,0,0,53,6,5064.0,0
C01500,West,Annual,48,199.0,1,5,7,11,2463.0,0
C01501,North,Monthly,52,632.0,1,6,11,9,7245.0,0
C01502,South,Monthly,46,480.0,0,1,21,11,4614.0,1
C01503,North,Annual,46,790.0,0,0,15,15,9720.0,0
C01504,South,Annual,47,839.0,1,4,41,6,5198.0,0
C01505,West,Annual,52,843.0,2,6,12,11,8890.0,0
C01506,North,Annual,66,588.0,0,3,51,11,8169.0,0
C01507,West,Annual,14,446.0,1,1,95,13,4685.0,0
C01508,West,Two-year,37,503.0,2,4,51,10,4821.0,0
C01509,West,Annual,14,702.0,0,2,172,9,6159.0,0
C01510,West,Monthly,13,354.0,2,6,6,4,1638.0,1
C01511,West,Annual,68,901.0,1,1,23,6,4330.0,0
C01512,South,Monthly,34,590.0,2,2,62,7,5059.0,1
C01513,West,Annual,50,740.0,0,0,10,10,9377.0,0
C01514,North,Monthly,52,329.0,1,2,9,9,3086.0,1
C01515,East,Monthly,3,483.0,0,3,2,9,3713.0,0
C01516,East,Annual,35,307.0,0,2,22,9,2280.0,0
C01517,North,Annual,13,834.0,1,2,58,9,6975.0,0
C01518,North,Monthly,23,621.0,0,2,7,4,2154.0,0
C01519,North,Monthly,14,753.0,2,3,35,10,7918.0,0
C01520,South,Annual,48,661.0,0,3,102,12,7972.0,0
C01521,North,Two-year,10,734.0,1,4,53,5,3288.0,0
C01522,North,Monthly,32,589.0,2,4,113,9,6449.0,0
C01523,North,Monthly,22,613.0,1,5,3,7,4721.0,1
C01524,South,Monthly,69,633.0,0,3,98,4,2818.0,0
C01525,North,Monthly,56,723.0,2,3,31,4,3302.0,0
C01526,North,Monthly,26,728.0,0,2,13,4,3589.0,0
C01527,South,Two-year,21,1156.0,0,0,7,10,13149.0,0
C01528,South,Monthly,51,953.0,3,6,11,5,4129.0,1
C01529,North,Monthly,45,330.0,1,2,10,11,3599.0,1
C01530,West,Monthly,40,624.0,0,3,5,15,9929.0,1
C01531,South,Monthly,6,577.0,0,3,34,6,3090.0,1
C01532,North,Monthly,6,880.0,1,3,166,10,11177.0,0
C01533,South,Monthly,46,593.0,1,2,20,11,6041.0,0
C01534,West,Monthly,34,734.0,0,1,26,7,6094.0,0
C01535,South,Annual,59,229.0,0,6,8,7,2045.0,0
C01536,North,Monthly,3,378.0,2,0,33,8,2835.0,0
C01537,South,Annual,14,1027.0,2,1,13,10,10556.0,0
C01538,South,Two-year,57,659.0,0,0,29,4,2437.0,0
C01539,South,Monthly,70,470.0,2,5,13,10,5693.0,0
C01540,West,Monthly,53,694.0,1,1,54,9,7480.0,0
C01541,West,Two-year,1,460.0,3,3,10,8,4588.0,1
C01542,South,Monthly,4,599.0,1,4,3,11,5478.0,0
C01543,North,Monthly,63,389.0,1,4,41,13,5917.0,0
C01544,South,Annual,36,508.0,0,2,7,10,5536.0,0
C01545,West,Annual,36,575.0,3,1,35,12,6981.0,0
C01546,West,Two-year,69,852.0,0,0,16,8,8484.0,0
C01547,North,Monthly,18,734.0,1,6,30,13,11772.0,1
C01548,North,Monthly,21,765.0,0,1,2,10,8796.0,1
C01549,North,Monthly,49,645.0,2,3,3,11,6286.0,0
C01550,West,Monthly,65,798.0,2,3,5,8,5936.0,1
C01551,South,Monthly,26,493.0,0,1,23,8,3463.0,0
C01552,South,Monthly,11,518.0,1,3,21,9,4327.0,0
C01553,South,Monthly,4,723.0,1,0,9,6,5147.0,0
C01554,North,Monthly,1,600.0,1,2,45,5,2900.0,0
C01555,West,Monthly,27,648.0,1,3,10,14,8540.0,1
C01556,South,Monthly,38,620.0,1,3,8,11,6305.0,0
C01557,North,Annual,35,876.0,2,3,7,4,2892.0,0
C01558,East,Monthly,17,885.0,2,2,174,12,10303.0,1
C01559,East,Annual,49,537.0,1,3,28,10,4550.0,0
C01560,East,Monthly,63,333.0,2,3,38,7,2520.0,0
C01561,West,Monthly,17,522.0,2,3,21,7,3261.0,1
C01562,North,Two-year,48,489.0,4,11,45,5,2288.0,0
C01563,North,Two-year,39,800.0,0,1,17,10,8313.0,0
C01564,North,Monthly,49,816.0,0,0,17,4,3233.0,0
C01565,East,Monthly,2,464.0,1,2,61,9,4012.0,0
C01566,West,Two-year,48,514.0,2,4,41,10,6570.0,0
C01567,South,Monthly,54,384.0,1,2,16,5,1592.0,1
C01568,West,Monthly,49,674.0,0,3,36,11,9195.0,1
C01569,East,Monthly,60,642.0,1,4,70,8,6493.0,0
C01570,West,Monthly,54,792.0,0,2,40,9,9152.0,1
C01571,South,Annual,70,739.0,3,4,53,8,7278.0,0
C01572,North,Annual,48,760.0,0,4,27,11,10073.0,0
C01573,West,Monthly,32,372.0,0,1,2,2,683.0,0
C01574,West,Monthly,60,537.0,0,1,53,5,2390.0,0
C01575,East,Monthly,50,821.0,1,6,14,6,5425.0,0
C01576,West,Annual,40,553.0,1,2,24,7,4133.0,1
C01577,South,Two-year,42,357.0,1,4,51,6,2486.0,0
C01578,East,Monthly,25,795.0,0,2,6,6,4096.0,0
C01579,North,Annual,44,546.0,0,2,10,17,8753.0,0
C01580,South,Monthly,34,841.0,3,5,3,7,6688.0,0
C01581,North,Annual,10,647.0,2,5,35,9,6440.0,1
C01582,North,Monthly,32,600.0,4,4,25,11,6430.0,1
C01583,North,Monthly,68,895.0,0,1,16,8,6258.0,0
C01584,East,Monthly,24,416.0,0,4,41,2,1022.0,1
C01585,West,Annual,49,908.0,0,1,10,6,6622.0,0
C01586,South,Monthly,30,535.0,0,1,77,5,2336.0,0
C01587,South,Monthly,21,679.0,0,0,7,9,7178.0,0
C01588,North,Two-year,28,681.0,1,6,16,12,7117.0,0
C01589,South,Annual,69,573.0,2,6,16,7,4114.0,0
C01590,North,Monthly,8,513.0,0,5,41,10,5300.0,0
C01591,South,Monthly,48,583.0,1,2,2,12,7002.0,0
C01592,West,Annual,59,467.0,2,1,18,10,4535.0,0
C01593,South,Monthly,14,1003.0,2,6,38,7,7258.0,1
C01594,East,Monthly,54,563.0,1,4,2,12,7809.0,1
C01595,East,Monthly,46,859.0,0,2,21,9,7464.0,0
C01596,North,Monthly,24,835.0,0,1,145,11,10012.0,0
C01597,South,Annual,13,715.0,1,3,22,13,9103.0,1
C01598,North,Annual,68,626.0,2,7,3,10,8047.0,0
C01599,South,Monthly,14,685.0,1,4,70,15,11733.0,0
C01600,West,Two-year,68,753.0,1,5,160,6,5540.0,0
C01601,South,Annual,47,668.0,2,4,9,15,10181.0,0
C01602,South,Annual,61,368.0,1,2,46,10,3416.0,0
C01603,North,Monthly,22,323.0,0,2,91,13,3525.0,0
C01604,South,Monthly,3,922.0,0,0,24,7,7800.0,1
C01605,West,Annual,47,199.0,1,3,30,7,1601.0,0
C01606,South,Annual,27,685.0,0,2,2,11,9122.0,0
C01607,East,Monthly,40,608.0,2,1,174,12,8314.0,1
C01608,North,Monthly,33,679.0,4,7,45,7,3892.0,1
C01609,North,Monthly,23,445.0,0,2,30,6,2703.0,1
C01610,South,Monthly,52,713.0,3,5,8,9,6197.0,1
C01611,West,Monthly,36,687.0,1,1,55,7,4890.0,0
C01612,North,Monthly,46,1147.0,0,5,8,11,14308.0,0
C01613,East,Monthly,48,673.0,1,2,12,10,7289.0,0
C01614,North,Two-year,49,893.0,1,3,5,4,3993.0,0
C01615,East,Annual,24,380.0,1,1,15,10,3440.0,0
C01616,South,Monthly,55,834.0,0,0,6,12,10489.0,0
C01617,East,Monthly,16,691.0,0,3,30,10,6341.0,0
C01618,North,Monthly,68,699.0,0,0,58,6,4427.0,0
C01619,North,Monthly,58,701.0,0,1,93,6,3985.0,0
C01620,West,Annual,40,957.0,1,3,33,8,6956.0,0
C01621,South,Monthly,13,696.0,1,3,8,4,3536.0,0
C01622,North,Two-year,65,509.0,1,7,22,10,4754.0,0
C01623,South,Monthly,40,539.0,0,3,22,13,7799.0,0
C01624,North,Two-year,58,797.0,0,4,23,9,7985.0,0
C01625,South,Annual,2,731.0,0,4,111,14,11138.0,0
C01626,South,Annual,24,375.0,2,7,18,9,3913.0,0
C01627,North,Two-year,22,743.0,1,5,68,8,6563.0,1
C01628,South,Monthly,58,455.0,0,1,30,8,4458.0,1
C01629,East,Monthly,33,729.0,2,9,84,9,5332.0,1
C01630,West,Monthly,9,505.0,2,2,41,15,6339.0,1
C01631,East,Annual,44,599.0,2,7,99,10,6452.0,0
C01632,South,Two-year,12,552.0,1,6,27,6,3311.0,0
C01633,West,Monthly,32,923.0,0,1,38,8,6690.0,0
C01634,North,Annual,71,722.0,1,5,110,5,3525.0,0
C01635,East,Monthly,31,877.0,0,2,8,11,10850.0,0
C01636,North,Monthly,31,1171.0,1,3,34,4,5745.0,1
C01637,North,Annual,3,658.0,3,6,48,9,5275.0,0
C01638,East,Monthly,33,920.0,1,2,49,10,8705.0,1
C01639,North,Monthly,69,524.0,1,5,30,5,2279.0,0
C01640,East,Annual,68,876.0,0,2,62,11,12510.0,0
C01641,East,Monthly,69,505.0,2,8,5,9,3681.0,0
C01642,North,Monthly,26,647.0,1,1,71,11,6255.0,1
C01643,South,Monthly,5,747.0,1,0,53,6,4448.0,1
C01644,East,Monthly,17,775.0,2,7,42,13,9062.0,1
C01645,East,Annual,16,421.0,1,3,51,9,4320.0,0
C01646,West,Two-year,6,494.0,1,4,35,10,4008.0,0
C01647,South,Monthly,51,760.0,1,2,5,10,8036.0,1
C01648,West,Annual,38,584.0,5,9,20,10,5246.0,1
C01649,South,Annual,52,398.0,0,2,80,5,2221.0,0
C01650,North,Annual,15,637.0,1,2,14,5,2735.0,0
C01651,East,Annual,50,629.0,0,3,33,6,3392.0,0
C01652,North,Monthly,5,682.0,1,1,2,8,6629.0,0
C01653,North,Annual,52,745.0,1,1,58,9,8381.0,0
C01654,North,Monthly,58,734.0,1,3,24,7,5039.0,0
C01655,West,Monthly,19,512.0,0,0,62,9,5040.0,0
C01656,West,Monthly,24,576.0,1,4,46,7,4587.0,0
C01657,West,Monthly,31,817.0,0,2,62,10,9644.0,0
C01658,South,Monthly,42,552.0,3,6,28,5,2947.0,1
C01659,South,Two-year,38,579.0,0,1,34,7,4415.0,0
C01660,West,Monthly,8,379.0,3,2,7,7,3162.0,0
C01661,South,Monthly,27,645.0,2,2,257,10,6922.0,1
C01662,South,Two-year,36,712.0,2,2,95,5,3805.0,0
C01663,North,Monthly,44,294.0,1,3,32,10,2768.0,0
C01664,South,Monthly,45,457.0,1,1,34,9,5014.0,1
C01665,East,Annual,48,394.0,1,3,15,6,2413.0,0
C01666,South,Two-year,32,792.0,0,2,87,4,3410.0,1
C01667,North,Annual,36,306.0,1,2,13,7,2391.0,0
C01668,East,Monthly,24,636.0,0,2,22,5,3404.0,0
C01669,East,Monthly,20,779.0,0,2,35,14,11137.0,0
C01670,North,Annual,23,684.0,0,3,40,7,4993.0,0
C01671,South,Two-year,32,571.0,0,3,1,9,4368.0,0
C01672,West,Monthly,8,712.0,0,2,55,7,6036.0,0
C01673,East,Two-year,16,837.0,0,3,10,4,2814.0,0
C01674,South,Annual,9,631.0,1,7,57,9,7346.0,1
C01675,East,Monthly,30,247.0,1,3,53,7,2222.0,0
C01676,West,Monthly,36,857.0,1,1,64,2,2127.0,0
C01677,South,Monthly,12,722.0,0,1,38,10,6053.0,0
C01678,North,Two-year,10,644.0,1,1,16,10,5235.0,0
C01679,South,Monthly,38,294.0,0,2,67,10,3259.0,0
C01680,West,Annual,16,596.0,1,5,152,8,4209.0,0
C01681,North,Monthly,62,492.0,1,4,8,10,6250.0,0
C01682,North,Annual,12,431.0,0,5,42,6,2919.0,0
C01683,North,Monthly,35,625.0,2,5,8,13,9990.0,1
C01684,East,Two-year,57,554.0,0,2,42,10,7186.0,0
C01685,East,Monthly,8,565.0,2,4,35,10,7171.0,1
C01686,South,Annual,32,783.0,2,2,8,8,5341.0,0
C01687,North,Annual,34,696.0,2,2,43,3,2696.0,0
C01688,West,Monthly,40,561.0,0,2,5,9,4217.0,0
C01689,North,Two-year,63,538.0,0,2,5,10,6398.0,0
C01690,East,Monthly,42,568.0,0,4,58,7,4670.0,0
C01691,North,Two-year,27,605.0,3,7,6,8,4387.0,0
C01692,West,Monthly,29,755.0,0,2,28,11,8231.0,0
C01693,South,Annual,45,462.0,0,5,22,10,5153.0,0
C01694,East,Two-year,22,913.0,1,1,81,13,12448.0,0
C01695,North,Two-year,49,755.0,0,3,13,7,6088.0,0
C01696,North,Monthly,28,199.0,2,3,31,6,1033.0,0
C01697,East,Monthly,5,665.0,1,3,2,5,3337.0,1
C01698,South,Annual,38,837.0,3,6,5,7,6789.0,0
C01699,West,Monthly,18,720.0,1,5,18,13,7526.0,0
C01700,South,Two-year,26,576.0,2,7,37,10,6481.0,0
C01701,South,Monthly,23,639.0,1,3,149,8,5472.0,1
C01702,West,Monthly,10,682.0,1,4,37,4,3444.0,0
C01703,South,Annual,21,789.0,1,4,36,8,8086.0,0
C01704,West,Monthly,65,395.0,3,4,4,16,7233.0,0
C01705,South,Monthly,23,541.0,1,3,53,13,7521.0,1
C01706,South,Monthly,53,945.0,0,0,72,13,13087.0,0
C01707,West,Two-year,30,656.0,1,3,125,13,8718.0,0
C01708,North,Annual,5,925.0,1,3,16,9,9900.0,0
C01709,North,Two-year,60,1187.0,1,7,26,8,9184.0,0
C01710,North,Monthly,65,561.0,0,0,37,10,5167.0,0
C01711,South,Monthly,17,434.0,2,2,13,9,3987.0,1
C01712,East,Monthly,13,602.0,2,1,3,8,4654.0,1
C01713,North,Monthly,67,848.0,0,2,8,12,12284.0,0
C01714,North,Monthly,7,873.0,1,2,19,9,7367.0,1
C01715,South,Monthly,64,1059.0,0,1,24,11,11661.0,0
C01716,North,Monthly,13,643.0,0,4,2,16,9620.0,0
C01717,North,Annual,62,738.0,0,1,76,6,4734.0,0
C01718,North,Monthly,67,522.0,3,9,6,13,6467.0,0
C01719,West,Monthly,18,199.0,2,2,8,9,1994.0,0
C01720,East,Monthly,16,643.0,1,2,35,11,8510.0,1
C01721,North,Monthly,8,442.0,0,4,26,7,3635.0,0
C01722,North,Annual,56,766.0,2,5,18,11,8011.0,1
C01723,North,Annual,25,311.0,0,1,3,12,4041.0,0
C01724,South,Annual,46,517.0,1,1,21,10,5125.0,0
C01725,South,Monthly,44,698.0,2,7,54,13,10209.0,0
C01726,West,Monthly,37,717.0,2,2,2,6,5316.0,0
C01727,East,Annual,18,641.0,1,2,2,5,3911.0,0
C01728,South,Two-year,26,986.0,2,7,40,9,11036.0,1
C01729,North,Monthly,36,933.0,2,2,16,10,9342.0,0
C01730,East,Monthly,7,527.0,1,0,129,5,3177.0,1
C01731,West,Annual,29,940.0,0,1,1,7,6503.0,0
C01732,North,Two-year,51,967.0,2,2,34,11,9050.0,0
C01733,West,Monthly,30,628.0,1,1,92,9,6185.0,1
C01734,North,Monthly,29,658.0,2,5,7,8,5781.0,1
C01735,East,Annual,60,641.0,1,4,17,12,9080.0,0
C01736,North,Annual,38,534.0,1,5,59,7,4561.0,0
C01737,East,Monthly,53,552.0,0,1,93,8,5510.0,0
C01738,North,Monthly,4,887.0,2,5,47,13,13273.0,1
C01739,South,Annual,66,729.0,2,2,40,9,7305.0,0
C01740,East,Annual,56,550.0,0,2,54,6,2666.0,1
C01741,East,Annual,59,483.0,1,2,42,7,2897.0,0
C01742,East,Monthly,50,514.0,1,2,7,9,4025.0,0
C01743,North,Monthly,39,621.0,1,4,25,9,5195.0,0
C01744,East,Annual,38,814.0,2,6,67,10,10147.0,1
C01745,North,Monthly,45,495.0,0,1,38,10,5757.0,0
C01746,East,Monthly,36,812.0,1,3,17,8,7254.0,0
C01747,North,Monthly,52,685.0,1,3,32,7,4134.0,0
C01748,South,Monthly,24,676.0,1,2,89,12,9147.0,0
C01749,South,Annual,55,835.0,1,5,10,7,6810.0,0
C01750,West,Monthly,25,802.0,0,1,35,12,9181.0,1
C01751,East,Annual,34,397.0,2,6,138,10,3660.0,0
C01752,North,Annual,5,455.0,0,3,47,14,7283.0,0
C01753,East,Monthly,64,609.0,1,3,26,8,4191.0,0
C01754,North,Two-year,49,714.0,1,2,17,5,3894.0,0
C01755,North,Monthly,18,896.0,1,2,2,7,8076.0,1
C01756,South,Annual,4,662.0,1,2,46,11,5915.0,0
C01757,West,Monthly,61,957.0,2,4,64,7,5970.0,0
C01758,West,Two-year,1,523.0,1,5,51,5,2785.0,0
C01759,West,Monthly,35,553.0,1,3,6,6,2772.0,1
C01760,North,Annual,3,595.0,4,10,22,9,6179.0,1
C01761,North,Monthly,50,503.0,0,4,36,9,3804.0,0
C01762,West,Monthly,15,859.0,0,2,45,12,9234.0,1
C01763,North,Monthly,31,199.0,1,0,38,5,1068.0,0
C01764,South,Monthly,41,559.0,2,6,22,5,3375.0,0
C01765,West,Monthly,27,857.0,0,1,7,11,9271.0,0
C01766,North,Monthly,49,594.0,1,3,30,6,2952.0,0
C01767,South,Annual,37,843.0,1,4,25,6,4926.0,0
C01768,West,Monthly,30,1046.0,2,5,53,7,6127.0,1
C01769,East,Monthly,23,664.0,0,2,99,10,5937.0,0
C01770,West,Two-year,30,860.0,1,2,52,7,6225.0,0
C01771,East,Annual,23,1085.0,3,10,8,5,6729.0,1
C01772,South,Monthly,41,722.0,3,1,2,12,10802.0,1
C01773,West,Monthly,55,641.0,2,3,58,8,5908.0,0
C01774,West,Monthly,43,812.0,1,2,19,4,3966.0,1
C01775,West,Annual,3,863.0,1,1,10,7,6448.0,0
C01776,South,Two-year,60,643.0,1,3,45,11,9038.0,0
C01777,South,Annual,56,563.0,4,9,5,6,4112.0,0
C01778,South,Two-year,59,959.0,1,3,3,7,7576.0,0
C01779,North,Annual,4,601.0,2,5,150,10,5511.0,1
C01780,West,Two-year,59,865.0,0,2,48,10,10212.0,0
C01781,West,Annual,34,697.0,1,4,31,9,7763.0,0
C01782,South,Annual,60,979.0,1,4,4,3,3052.0,1
C01783,West,Annual,56,497.0,0,3,94,8,3903.0,0
C01784,South,Annual,63,497.0,2,4,28,9,4394.0,0
C01785,West,Monthly,9,804.0,0,1,26,9,8510.0,0
C01786,East,Monthly,40,447.0,0,2,15,5,2850.0,0
C01787,East,Monthly,52,671.0,2,6,78,8,5369.0,1
C01788,East,Monthly,43,929.0,1,3,8,8,6341.0,0
C01789,East,Two-year,58,329.0,0,1,4,14,3782.0,0
C01790,West,Annual,52,722.0,0,4,8,10,8778.0,0
C01791,South,Monthly,3,868.0,1,4,35,10,8293.0,0
C01792,West,Monthly,15,645.0,1,0,16,8,6251.0,1
C01793,North,Monthly,46,483.0,2,4,42,8,3315.0,1
C01794,North,Annual,26,603.0,0,2,65,8,3954.0,0
C01795,East,Two-year,26,499.0,1,2,50,11,5241.0,0
C01796,West,Monthly,65,662.0,0,0,74,14,8877.0,0
C01797,West,Monthly,7,600.0,1,5,44,10,7793.0,0
C01798,North,Two-year,38,558.0,1,5,65,8,4104.0,0
C01799,North,Annual,23,734.0,0,1,131,5,4296.0,0
C01800,South,Two-year,4,934.0,2,2,31,8,9418.0,1
C01801,West,Monthly,27,709.0,1,1,130,8,6757.0,0
C01802,West,Monthly,29,892.0,2,5,50,8,9185.0,1
C01803,West,Annual,33,934.0,1,3,4,8,6603.0,0
C01804,South,Monthly,12,544.0,0,3,11,10,6211.0,0
C01805,West,Annual,52,699.0,2,5,55,10,7417.0,1
C01806,North,Annual,26,574.0,1,3,88,6,4253.0,1
C01807,West,Monthly,41,383.0,1,5,22,14,6281.0,0
C01808,South,Monthly,39,714.0,0,3,91,9,7644.0,1
C01809,South,Annual,41,461.0,1,2,45,8,3663.0,0
C01810,South,Two-year,36,737.0,1,2,89,12,10068.0,0
C01811,West,Monthly,22,370.0,1,2,44,8,3672.0,0
C01812,North,Annual,35,681.0,0,4,6,12,7343.0,0
C01813,North,Monthly,38,367.0,0,0,19,11,3293.0,0
C01814,East,Two-year,2,771.0,1,2,11,7,5158.0,0
C01815,West,Annual,52,579.0,2,5,41,14,9983.0,0
C01816,East,Monthly,32,562.0,0,2,78,8,4642.0,0
C01817,North,Annual,21,853.0,0,0,6,9,7128.0,0
C01818,East,Annual,3,592.0,1,7,69,12,8918.0,0
C01819,North,Annual,22,670.0,2,4,80,9,4951.0,0
C01820,South,Monthly,29,614.0,1,10,25,9,6649.0,1
C01821,North,Annual,60,741.0,1,3,9,17,15111.0,0
C01822,South,Annual,46,838.0,1,6,4,12,10654.0,0
C01823,South,Monthly,30,800.0,2,7,12,11,8201.0,1
C01824,North,Monthly,9,566.0,0,1,6,7,4030.0,0
C01825,South,Two-year,20,868.0,0,2,17,15,12722.0,0
C01826,East,Annual,66,485.0,0,1,28,8,3379.0,0
C01827,North,Monthly,10,516.0,1,1,35,9,5097.0,1
C01828,North,Two-year,45,627.0,0,1,75,10,5629.0,0
C01829,South,Monthly,37,838.0,3,4,76,10,10878.0,1
C01830,West,Annual,16,439.0,0,1,59,11,5250.0,0
C01831,West,Monthly,63,810.0,1,5,33,7,4868.0,0
C01832,South,Monthly,28,640.0,0,3,7,8,5669.0,0
C01833,East,Two-year,47,572.0,1,4,7,12,6796.0,0
C01834,West,Annual,7,848.0,0,2,23,11,8328.0,0
C01835,East,Monthly,69,506.0,1,3,44,5,2400.0,1
C01836,South,Two-year,2,1061.0,0,5,14,7,6892.0,0
C01837,North,Two-year,23,618.0,0,1,62,11,7419.0,0
C01838,North,Annual,66,677.0,0,1,49,9,5714.0,0
C01839,South,Monthly,46,928.0,1,4,28,12,9176.0,0
C01840,South,Monthly,48,682.0,0,1,8,5,4123.0,0
C01841,West,Annual,23,864.0,2,6,13,10,8145.0,0
C01842,North,Two-year,56,298.0,2,4,7,10,2838.0,0
C01843,South,Monthly,67,570.0,1,3,54,5,2897.0,1
C01844,West,Monthly,45,721.0,2,2,158,8,6902.0,1
C01845,East,Monthly,16,845.0,0,2,19,6,5615.0,0
C01846,North,Monthly,65,789.0,0,2,2,9,5992.0,0
C01847,West,Annual,1,772.0,1,3,64,3,2385.0,0
C01848,South,Monthly,64,841.0,1,2,3,8,7928.0,0
C01849,North,Annual,1,736.0,1,2,24,9,5434.0,0
C01850,South,Annual,5,264.0,0,1,4,12,2598.0,0
C01851,North,Monthly,3,910.0,0,4,95,5,5237.0,1
C01852,West,Two-year,14,499.0,0,2,16,7,3670.0,0
C01853,North,Monthly,52,706.0,0,2,23,8,4981.0,0
C01854,West,Monthly,29,683.0,0,0,75,9,6978.0,0
C01855,North,Monthly,6,659.0,1,5,37,14,7758.0,1
C01856,West,Monthly,25,451.0,0,0,2,12,5533.0,0
C01857,North,Monthly,71,301.0,3,4,2,11,4006.0,0
C01858,West,Two-year,38,470.0,1,4,3,6,2506.0,0
C01859,North,Monthly,52,799.0,3,5,35,9,7873.0,0
C01860,West,Monthly,19,390.0,2,8,10,12,4612.0,1
C01861,West,Annual,37,492.0,2,1,57,5,3067.0,1
C01862,South,Two-year,57,725.0,0,3,45,4,3258.0,0
C01863,North,Monthly,48,465.0,1,3,139,11,5011.0,0
C01864,East,Monthly,1,552.0,1,3,39,9,5190.0,0
C01865,East,Monthly,44,665.0,0,3,82,11,7776.0,0
C01866,South,Monthly,57,701.0,2,6,117,10,9058.0,1
C01867,East,Monthly,10,461.0,0,2,36,9,4865.0,1
C01868,West,Annual,28,675.0,0,0,79,7,5467.0,0
C01869,West,Monthly,46,722.0,0,1,80,10,9327.0,1
C01870,South,Monthly,1,421.0,3,5,9,8,2952.0,1
C01871,North,Annual,51,689.0,1,3,52,8,5697.0,0
C01872,North,Monthly,61,521.0,1,4,14,5,3337.0,0
C01873,East,Monthly,38,672.0,1,3,70,7,5768.0,0
C01874,West,Annual,32,780.0,0,1,9,9,6335.0,0
C01875,South,Monthly,7,618.0,1,2,6,11,6871.0,1
C01876,North,Monthly,52,814.0,2,3,35,10,7277.0,0
C01877,South,Monthly,67,792.0,1,4,90,6,5466.0,0
C01878,South,Annual,63,813.0,4,8,4,9,8112.0,0
C01879,West,Annual,40,723.0,0,2,29,4,3154.0,0
C01880,East,Monthly,3,848.0,0,1,90,12,12736.0,1
C01881,North,Monthly,21,719.0,1,1,18,11,6724.0,0
C01882,South,Monthly,19,350.0,2,7,22,6,2668.0,1
C01883,North,Monthly,1,507.0,1,6,43,8,4227.0,0
C01884,East,Annual,9,612.0,2,3,7,12,5974.0,0
C01885,East,Two-year,41,634.0,0,6,18,9,7175.0,0
C01886,North,Monthly,7,714.0,1,1,11,7,6325.0,1
C01887,South,Monthly,3,505.0,1,8,90,8,5138.0,1
C01888,West,Annual,68,1012.0,1,1,35,10,12320.0,0
C01889,West,Monthly,43,632.0,0,3,101,5,2968.0,0
C01890,South,Monthly,58,649.0,1,4,57,8,4897.0,0
C01891,South,Two-year,18,529.0,1,3,128,10,5100.0,0
C01892,West,Monthly,26,469.0,0,0,50,10,4281.0,1
C01893,East,Monthly,44,627.0,0,4,58,9,7077.0,0
C01894,West,Monthly,49,655.0,1,4,44,8,5593.0,0
C01895,North,Annual,27,634.0,1,5,20,8,4733.0,0
C01896,North,Annual,66,948.0,0,2,17,14,15742.0,0
C01897,North,Monthly,50,627.0,2,7,47,12,8381.0,1
C01898,West,Annual,16,635.0,1,2,11,9,5656.0,0
C01899,East,Monthly,7,797.0,2,7,2,5,5009.0,1
C01900,North,Two-year,2,619.0,1,5,3,12,8006.0,0
C01901,West,Monthly,60,747.0,0,1,8,10,8322.0,0
C01902,West,Monthly,59,420.0,0,3,2,8,2743.0,0
C01903,North,Annual,34,421.0,0,1,16,12,5633.0,0
C01904,East,Monthly,52,672.0,0,5,55,6,4058.0,0
C01905,East,Annual,63,608.0,0,0,97,7,4997.0,0
C01906,North,Monthly,12,504.0,0,5,4,8,3314.0,0
C01907,East,Monthly,70,672.0,0,2,27,8,5338.0,0
C01908,North,Monthly,35,688.0,0,3,8,9,5157.0,0
C01909,West,Monthly,32,522.0,0,3,10,7,4625.0,0
C01910,West,Monthly,12,557.0,2,4,99,7,3938.0,1
C01911,West,Monthly,48,689.0,1,3,13,10,5991.0,1
C01912,West,Monthly,43,466.0,0,1,5,9,4914.0,0
C01913,North,Annual,3,541.0,1,4,13,13,8727.0,0
C01914,South,Annual,46,746.0,1,2,49,9,7974.0,1
C01915,East,Monthly,11,646.0,1,0,72,7,5541.0,1
C01916,South,Monthly,20,564.0,0,2,10,5,3450.0,0
C01917,East,Monthly,44,487.0,4,5,89,8,5044.0,1
C01918,South,Monthly,56,468.0,0,0,35,8,3675.0,0
C01919,North,Monthly,10,626.0,1,4,21,4,2440.0,0
C01920,South,Monthly,34,1015.0,1,2,25,8,6949.0,0
C01921,East,Two-year,21,752.0,0,0,56,9,8316.0,0
C01922,South,Annual,51,410.0,0,4,8,7,3631.0,0
C01923,East,Monthly,59,777.0,1,2,6,4,2925.0,0
C01924,South,Monthly,46,513.0,0,4,3,14,7954.0,0
C01925,West,Monthly,57,649.0,0,3,16,10,5987.0,0
C01926,East,Monthly,33,544.0,1,8,22,11,7366.0,0
C01927,South,Monthly,43,1014.0,2,4,2,8,6518.0,1
C01928,South,Monthly,21,446.0,1,4,21,6,3071.0,0
C01929,South,Monthly,71,706.0,0,1,47,3,2269.0,0
C01930,North,Monthly,15,527.0,0,1,109,11,5467.0,0
C01931,East,Annual,66,783.0,2,7,5,6,5927.0,0
C01932,North,Monthly,53,703.0,1,3,26,8,5848.0,0
C01933,West,Two-year,71,876.0,1,4,22,8,7444.0,0
C01934,West,Monthly,46,779.0,3,4,51,11,7212.0,0
C01935,South,Monthly,26,525.0,2,2,6,8,4225.0,0
C01936,West,Monthly,20,1175.0,3,4,15,5,5167.0,1
C01937,East,Monthly,13,750.0,0,1,63,8,6463.0,0
C01938,North,Monthly,69,551.0,2,6,25,4,2401.0,0
C01939,East,Monthly,8,687.0,0,3,11,9,5701.0,0
C01940,West,Monthly,58,764.0,0,1,18,17,16517.0,0
C01941,North,Monthly,50,757.0,1,2,58,11,7922.0,0
C01942,North,Monthly,10,739.0,1,3,44,12,9995.0,1
C01943,South,Annual,66,824.0,1,3,52,7,7438.0,0
C01944,South,Annual,12,806.0,1,3,54,7,6781.0,0
C01945,East,Annual,12,497.0,0,1,161,10,5830.0,0
C01946,South,Two-year,39,1029.0,2,2,21,8,6829.0,0
C01947,West,Monthly,8,1004.0,1,2,27,9,9597.0,0
C01948,North,Two-year,8,794.0,0,3,30,8,7476.0,1
C01949,South,Monthly,45,657.0,1,3,12,10,7426.0,1
C01950,West,Monthly,69,660.0,3,6,49,11,7869.0,0
C01951,South,Annual,4,592.0,1,4,24,5,3731.0,0
C01952,South,Monthly,46,615.0,0,0,44,13,8633.0,0
C01953,North,Monthly,43,256.0,5,5,31,9,2808.0,0
C01954,North,Monthly,5,925.0,1,5,25,11,12647.0,1
C01955,South,Monthly,11,862.0,2,3,41,8,8228.0,0
C01956,South,Monthly,32,348.0,1,5,149,9,2740.0,1
C01957,East,Annual,50,810.0,1,8,26,7,6733.0,0
C01958,East,Monthly,16,649.0,0,2,22,14,10845.0,0
C01959,West,Monthly,31,614.0,2,2,14,10,6980.0,0
C01960,West,Monthly,35,739.0,1,2,33,9,6556.0,0
C01961,North,Two-year,51,336.0,2,3,9,6,1904.0,0
C01962,North,Two-year,18,648.0,1,3,51,15,10939.0,0
C01963,West,Annual,49,664.0,0,2,15,8,6188.0,0
C01964,South,Monthly,60,664.0,1,2,31,12,10040.0,0
C01965,South,Monthly,42,404.0,1,4,28,7,2745.0,0
C01966,North,Monthly,52,730.0,2,4,152,12,8274.0,0
C01967,East,Annual,12,841.0,0,2,3,8,7877.0,0
C01968,North,Monthly,65,723.0,2,5,31,7,6525.0,0
C01969,North,Annual,22,609.0,1,2,10,10,5757.0,0
C01970,South,Monthly,15,1134.0,0,2,4,9,9565.0,0
C01971,West,Two-year,39,484.0,2,8,14,7,4224.0,0
C01972,North,Monthly,28,789.0,2,4,5,10,7356.0,1
C01973,East,Monthly,33,694.0,0,0,9,8,5595.0,0
C01974,South,Monthly,58,1012.0,0,1,105,10,13116.0,1
C01975,South,Annual,39,720.0,2,3,211,4,3457.0,1
C01976,South,Two-year,27,758.0,1,2,54,14,9815.0,0
C01977,North,Monthly,57,741.0,0,2,14,13,12294.0,1
C01978,South,Two-year,27,460.0,0,1,15,9,5058.0,0
C01979,West,Monthly,69,494.0,1,5,94,14,8901.0,1
C01980,North,Monthly,71,600.0,0,1,83,8,4808.0,0
C01981,West,Monthly,34,822.0,0,1,66,9,8386.0,0
C01982,North,Monthly,55,692.0,1,5,82,14,9600.0,0
C01983,South,Annual,51,613.0,0,1,20,6,3755.0,0
C01984,East,Monthly,62,897.0,2,4,52,6,6112.0,1
C01985,West,Monthly,33,293.0,3,5,27,11,3247.0,0
C01986,North,Monthly,29,417.0,2,4,8,9,3789.0,1
C01987,North,Annual,20,201.0,1,1,2,11,2368.0,0
C01988,East,Two-year,42,867.0,2,0,80,6,4441.0,1
C01989,North,Annual,44,633.0,0,1,11,15,12276.0,0
C01990,East,Monthly,32,824.0,1,3,12,6,5999.0,0
C01991,West,Monthly,23,630.0,2,0,5,8,5248.0,1
C01992,North,Monthly,32,834.0,3,14,31,7,6877.0,1
C01993,West,Two-year,36,627.0,0,1,39,14,11400.0,0
C01994,North,Monthly,10,724.0,0,3,53,9,6895.0,1
C01995,West,Two-year,47,697.0,1,1,27,8,6478.0,0
C01996,West,Annual,60,711.0,0,5,72,10,5990.0,1
C01997,East,Annual,23,953.0,2,2,26,6,7308.0,1
C01998,West,Annual,28,358.0,1,2,12,6,1896.0,0
C01999,West,Monthly,7,638.0,1,1,11,7,5361.0,1
C02000,North,Monthly,42,686.0,2,1,41,13,9309.0,1
