date,calls,is_holiday
2024-01-01,3343,0
2024-01-02,2895,0
2024-01-03,2771,0
2024-01-04,2666,0
2024-01-05,2563,0
2024-01-06,1758,0
2024-01-07,1521,0
2024-01-08,3256,0
2024-01-09,2815,0
2024-01-10,2850,0
2024-01-11,2752,0
2024-01-12,2646,0
2024-01-13,1913,0
2024-01-14,1473,0
2024-01-15,3326,0
2024-01-16,3057,0
2024-01-17,2821,0
2024-01-18,2696,0
2024-01-19,2785,0
2024-01-20,1883,0
2024-01-21,1410,0
2024-01-22,3166,0
2024-01-23,2795,0
2024-01-24,2684,0
2024-01-25,2709,0
2024-01-26,1336,1
2024-01-27,1918,0
2024-01-28,1563,0
2024-01-29,3448,0
2024-01-30,3036,0
2024-01-31,2700,0
2024-02-01,2927,0
2024-02-02,2474,0
2024-02-03,1970,0
2024-02-04,1521,0
2024-02-05,3598,0
2024-02-06,3074,0
2024-02-07,2804,0
2024-02-08,2779,0
2024-02-09,2823,0
2024-02-10,1975,0
2024-02-11,1677,0
2024-02-12,3580,0
2024-02-13,3126,0
2024-02-14,2829,0
2024-02-15,2916,0
2024-02-16,2651,0
2024-02-17,2017,0
2024-02-18,1580,0
2024-02-19,3644,0
2024-02-20,3217,0
2024-02-21,2938,0
2024-02-22,2909,0
2024-02-23,2933,0
2024-02-24,2072,0
2024-02-25,1772,0
2024-02-26,3664,0
2024-02-27,3349,0
2024-02-28,2854,0
2024-02-29,3112,0
2024-03-01,2727,0
2024-03-02,2110,0
2024-03-03,1615,0
2024-03-04,3786,0
2024-03-05,3250,0
2024-03-06,2896,0
2024-03-07,2965,0
2024-03-08,3030,0
2024-03-09,2148,0
2024-03-10,1575,0
2024-03-11,3949,0
2024-03-12,3219,0
2024-03-13,3132,0
2024-03-14,3117,0
2024-03-15,2976,0
2024-03-16,2304,0
2024-03-17,1634,0
2024-03-18,3944,0
2024-03-19,3567,0
2024-03-20,3015,0
2024-03-21,3010,0
2024-03-22,2921,0
2024-03-23,2211,0
2024-03-24,1622,0
2024-03-25,4002,0
2024-03-26,3260,0
2024-03-27,3311,0
2024-03-28,3220,0
2024-03-29,3235,0
2024-03-30,2279,0
2024-03-31,1727,0
2024-04-01,3855,0
2024-04-02,3546,0
2024-04-03,3197,0
2024-04-04,3360,0
2024-04-05,2941,0
2024-04-06,2438,0
2024-04-07,1867,0
2024-04-08,4014,0
2024-04-09,3826,0
2024-04-10,3150,0
2024-04-11,3286,0
2024-04-12,2945,0
2024-04-13,2461,0
2024-04-14,1686,0
2024-04-15,3873,0
2024-04-16,3533,0
2024-04-17,3477,0
2024-04-18,3436,0
2024-04-19,3166,0
2024-04-20,2421,0
2024-04-21,1823,0
2024-04-22,4241,0
2024-04-23,3921,0
2024-04-24,3317,0
2024-04-25,3254,0
2024-04-26,3255,0
2024-04-27,2429,0
2024-04-28,1865,0
2024-04-29,4398,0
2024-04-30,3697,0
2024-05-01,3412,0
2024-05-02,3452,0
2024-05-03,3274,0
2024-05-04,2543,0
2024-05-05,1908,0
2024-05-06,4229,0
2024-05-07,3853,0
2024-05-08,3575,0
2024-05-09,3548,0
2024-05-10,3369,0
2024-05-11,2272,0
2024-05-12,1712,0
2024-05-13,4550,0
2024-05-14,3882,0
2024-05-15,3471,0
2024-05-16,3575,0
2024-05-17,3564,0
2024-05-18,2580,0
2024-05-19,1995,0
2024-05-20,4217,0
2024-05-21,3736,0
2024-05-22,3172,0
2024-05-23,3600,0
2024-05-24,3488,0
2024-05-25,2581,0
2024-05-26,1990,0
2024-05-27,4382,0
2024-05-28,3797,0
2024-05-29,3418,0
2024-05-30,3515,0
2024-05-31,3233,0
2024-06-01,2656,0
2024-06-02,1850,0
2024-06-03,4405,0
2024-06-04,3608,0
2024-06-05,3600,0
2024-06-06,3561,0
2024-06-07,3337,0
2024-06-08,2403,0
2024-06-09,1963,0
2024-06-10,4367,0
2024-06-11,3910,0
2024-06-12,3856,0
2024-06-13,3603,0
2024-06-14,3474,0
2024-06-15,2461,0
2024-06-16,1909,0
2024-06-17,4478,0
2024-06-18,4341,0
2024-06-19,3547,0
2024-06-20,3642,0
2024-06-21,3298,0
2024-06-22,2237,0
2024-06-23,1914,0
2024-06-24,4920,0
2024-06-25,4048,0
2024-06-26,3831,0
2024-06-27,3546,0
2024-06-28,3094,0
2024-06-29,2406,0
2024-06-30,2010,0
2024-07-01,4539,0
2024-07-02,3955,0
2024-07-03,3520,0
2024-07-04,3732,0
2024-07-05,3348,0
2024-07-06,2548,0
2024-07-07,1993,0
2024-07-08,4427,0
2024-07-09,3813,0
2024-07-10,3531,0
2024-07-11,3861,0
2024-07-12,3562,0
2024-07-13,2615,0
2024-07-14,1911,0
2024-07-15,4225,0
2024-07-16,4116,0
2024-07-17,3713,0
2024-07-18,3601,0
2024-07-19,3350,0
2024-07-20,2357,0
2024-07-21,2035,0
2024-07-22,4678,0
2024-07-23,3821,0
2024-07-24,3459,0
2024-07-25,3743,0
2024-07-26,3298,0
2024-07-27,2670,0
2024-07-28,1948,0
2024-07-29,4375,0
2024-07-30,3914,0
2024-07-31,3494,0
2024-08-01,3705,0
2024-08-02,3484,0
2024-08-03,2585,0
2024-08-04,1959,0
2024-08-05,4335,0
2024-08-06,3880,0
2024-08-07,3465,0
2024-08-08,3728,0
2024-08-09,3475,0
2024-08-10,2450,0
2024-08-11,1859,0
2024-08-12,4652,0
2024-08-13,3872,0
2024-08-14,3479,0
2024-08-15,1855,1
2024-08-16,3246,0
2024-08-17,2408,0
2024-08-18,1896,0
2024-08-19,4115,0
2024-08-20,3866,0
2024-08-21,3360,0
2024-08-22,3382,0
2024-08-23,3191,0
2024-08-24,2359,0
2024-08-25,1832,0
2024-08-26,4344,0
2024-08-27,3757,0
2024-08-28,3438,0
2024-08-29,3749,0
2024-08-30,3230,0
2024-08-31,2449,0
2024-09-01,1930,0
2024-09-02,4246,0
2024-09-03,3781,0
2024-09-04,3398,0
2024-09-05,3417,0
2024-09-06,3139,0
2024-09-07,2318,0
2024-09-08,1857,0
2024-09-09,3878,0
2024-09-10,3920,0
2024-09-11,3647,0
2024-09-12,3374,0
2024-09-13,3263,0
2024-09-14,2439,0
2024-09-15,1737,0
2024-09-16,4315,0
2024-09-17,3593,0
2024-09-18,3621,0
2024-09-19,3287,0
2024-09-20,3255,0
2024-09-21,2294,0
2024-09-22,1971,0
2024-09-23,4027,0
2024-09-24,3780,0
2024-09-25,3360,0
2024-09-26,3325,0
2024-09-27,3132,0
2024-09-28,2222,0
2024-09-29,1605,0
2024-09-30,4237,0
2024-10-01,3499,0
2024-10-02,1695,1
2024-10-03,3279,0
2024-10-04,3214,0
2024-10-05,2328,0
2024-10-06,1595,0
2024-10-07,4113,0
2024-10-08,3478,0
2024-10-09,3350,0
2024-10-10,3271,0
2024-10-11,3104,0
2024-10-12,2205,0
2024-10-13,1685,0
2024-10-14,3900,0
2024-10-15,3236,0
2024-10-16,3090,0
2024-10-17,2975,0
2024-10-18,2825,0
2024-10-19,2215,0
2024-10-20,1767,0
2024-10-21,3920,0
2024-10-22,3380,0
2024-10-23,3012,0
2024-10-24,3086,0
2024-10-25,2868,0
2024-10-26,2177,0
2024-10-27,1608,0
2024-10-28,3995,0
2024-10-29,3337,0
2024-10-30,3147,0
2024-10-31,3206,0
2024-11-01,2976,0
2024-11-02,2231,0
2024-11-03,1556,0
2024-11-04,3774,0
2024-11-05,3533,0
2024-11-06,3135,0
2024-11-07,3296,0
2024-11-08,3111,0
2024-11-09,2169,0
2024-11-10,1666,0
2024-11-11,3673,0
2024-11-12,3294,0
2024-11-13,3000,0
2024-11-14,2975,0
2024-11-15,2786,0
2024-11-16,2163,0
2024-11-17,1785,0
2024-11-18,3937,0
2024-11-19,3294,0
2024-11-20,3154,0
2024-11-21,3071,0
2024-11-22,2871,0
2024-11-23,2109,0
2024-11-24,1649,0
2024-11-25,3875,0
2024-11-26,3340,0
2024-11-27,2930,0
2024-11-28,2923,0
2024-11-29,2900,0
2024-11-30,2146,0
2024-12-01,1636,0
2024-12-02,3595,0
2024-12-03,3478,0
2024-12-04,3135,0
2024-12-05,2770,0
2024-12-06,3012,0
2024-12-07,2088,0
2024-12-08,1667,0
2024-12-09,3931,0
2024-12-10,3528,0
2024-12-11,3129,0
2024-12-12,3037,0
2024-12-13,2701,0
2024-12-14,1936,0
2024-12-15,1713,0
2024-12-16,3965,0
2024-12-17,3204,0
2024-12-18,2979,0
2024-12-19,2946,0
2024-12-20,2796,0
2024-12-21,2201,0
2024-12-22,1674,0
2024-12-23,3738,0
2024-12-24,3675,0
2024-12-25,1424,1
2024-12-26,3089,0
2024-12-27,2753,0
2024-12-28,2106,0
2024-12-29,1676,0
2024-12-30,3918,0
2024-12-31,3303,0
2025-01-01,2991,0
2025-01-02,3004,0
2025-01-03,2764,0
2025-01-04,2185,0
2025-01-05,1695,0
2025-01-06,3879,0
2025-01-07,3349,0
2025-01-08,3033,0
2025-01-09,3204,0
2025-01-10,3029,0
2025-01-11,2269,0
2025-01-12,1714,0
2025-01-13,4052,0
2025-01-14,3330,0
2025-01-15,3058,0
2025-01-16,3235,0
2025-01-17,3036,0
2025-01-18,2142,0
2025-01-19,1634,0
2025-01-20,3850,0
2025-01-21,3327,0
2025-01-22,3330,0
2025-01-23,3215,0
2025-01-24,2878,0
2025-01-25,2100,0
2025-01-26,835,1
2025-01-27,3839,0
2025-01-28,3438,0
2025-01-29,3293,0
2025-01-30,3036,0
2025-01-31,3281,0
2025-02-01,2135,0
2025-02-02,1648,0
2025-02-03,4246,0
2025-02-04,3692,0
2025-02-05,3171,0
2025-02-06,3250,0
2025-02-07,3096,0
2025-02-08,2262,0
2025-02-09,1679,0
2025-02-10,3633,0
2025-02-11,3437,0
2025-02-12,3476,0
2025-02-13,3489,0
2025-02-14,3060,0
2025-02-15,2196,0
2025-02-16,1818,0
2025-02-17,4167,0
2025-02-18,3699,0
2025-02-19,2958,0
2025-02-20,3715,0
2025-02-21,3283,0
2025-02-22,2301,0
2025-02-23,1774,0
2025-02-24,4325,0
2025-02-25,3743,0
2025-02-26,3357,0
2025-02-27,3414,0
2025-02-28,3178,0
2025-03-01,2395,0
2025-03-02,1911,0
2025-03-03,4288,0
2025-03-04,3775,0
2025-03-05,3590,0
2025-03-06,3191,0
2025-03-07,3142,0
2025-03-08,2400,0
2025-03-09,1833,0
2025-03-10,4234,0
2025-03-11,3990,0
2025-03-12,3437,0
2025-03-13,3213,0
2025-03-14,3245,0
2025-03-15,2444,0
2025-03-16,1923,0
2025-03-17,4472,0
2025-03-18,3933,0
2025-03-19,3497,0
2025-03-20,3357,0
2025-03-21,3298,0
2025-03-22,2418,0
2025-03-23,1931,0
2025-03-24,4572,0
2025-03-25,3988,0
2025-03-26,3694,0
2025-03-27,3530,0
2025-03-28,3620,0
2025-03-29,2589,0
2025-03-30,1995,0
2025-03-31,4633,0
2025-04-01,3882,0
2025-04-02,3329,0
2025-04-03,3556,0
2025-04-04,3574,0
2025-04-05,2571,0
2025-04-06,2007,0
2025-04-07,4441,0
2025-04-08,3737,0
2025-04-09,3904,0
2025-04-10,3671,0
2025-04-11,3464,0
2025-04-12,2533,0
2025-04-13,2152,0
2025-04-14,4832,0
2025-04-15,3957,0
2025-04-16,3925,0
2025-04-17,3736,0
2025-04-18,3490,0
2025-04-19,2611,0
2025-04-20,2015,0
2025-04-21,4486,0
2025-04-22,4306,0
2025-04-23,3771,0
2025-04-24,3906,0
2025-04-25,3670,0
2025-04-26,2737,0
2025-04-27,1936,0
2025-04-28,4635,0
2025-04-29,4329,0
2025-04-30,3658,0
2025-05-01,3920,0
2025-05-02,3471,0
2025-05-03,2715,0
2025-05-04,2273,0
2025-05-05,5012,0
2025-05-06,3968,0
2025-05-07,4034,0
2025-05-08,4193,0
2025-05-09,4135,0
2025-05-10,2797,0
2025-05-11,2042,0
2025-05-12,5002,0
2025-05-13,4609,0
2025-05-14,3915,0
2025-05-15,4115,0
2025-05-16,3632,0
2025-05-17,2814,0
2025-05-18,1965,0
2025-05-19,4777,0
2025-05-20,4374,0
2025-05-21,3925,0
2025-05-22,3780,0
2025-05-23,3717,0
2025-05-24,2835,0
2025-05-25,2193,0
2025-05-26,5020,0
2025-05-27,4541,0
2025-05-28,3960,0
2025-05-29,4238,0
2025-05-30,3671,0
2025-05-31,3036,0
2025-06-01,2316,0
2025-06-02,4972,0
2025-06-03,4391,0
2025-06-04,4075,0
2025-06-05,4142,0
2025-06-06,4014,0
2025-06-07,2684,0
2025-06-08,2269,0
2025-06-09,4642,0
2025-06-10,4434,0
2025-06-11,4299,0
2025-06-12,3835,0
2025-06-13,3617,0
2025-06-14,2874,0
2025-06-15,2364,0
2025-06-16,5159,0
2025-06-17,4142,0
2025-06-18,3803,0
2025-06-19,4095,0
2025-06-20,3694,0
2025-06-21,2873,0
2025-06-22,2263,0
2025-06-23,5005,0
2025-06-24,4820,0
2025-06-25,4182,0
2025-06-26,4284,0
2025-06-27,4026,0
2025-06-28,2844,0
2025-06-29,2231,0
2025-06-30,5049,0
2025-07-01,4619,0
2025-07-02,3981,0
2025-07-03,4369,0
2025-07-04,3767,0
2025-07-05,2885,0
2025-07-06,2227,0
2025-07-07,5014,0
2025-07-08,4883,0
2025-07-09,4012,0
2025-07-10,4033,0
2025-07-11,3774,0
2025-07-12,2860,0
2025-07-13,2234,0
2025-07-14,4868,0
2025-07-15,4406,0
2025-07-16,4172,0
2025-07-17,4238,0
2025-07-18,3869,0
2025-07-19,2853,0
2025-07-20,2203,0
2025-07-21,4975,0
2025-07-22,4301,0
2025-07-23,3804,0
2025-07-24,3940,0
2025-07-25,3988,0
2025-07-26,2785,0
2025-07-27,2194,0
2025-07-28,4978,0
2025-07-29,4663,0
2025-07-30,3885,0
2025-07-31,4076,0
2025-08-01,3816,0
2025-08-02,2824,0
2025-08-03,2233,0
2025-08-04,5032,0
2025-08-05,4553,0
2025-08-06,4003,0
2025-08-07,4283,0
2025-08-08,3806,0
2025-08-09,2606,0
2025-08-10,2251,0
2025-08-11,5060,0
2025-08-12,4385,0
2025-08-13,3935,0
2025-08-14,3636,0
2025-08-15,1737,1
2025-08-16,2956,0
2025-08-17,2125,0
2025-08-18,5130,0
2025-08-19,4062,0
2025-08-20,3776,0
2025-08-21,4042,0
2025-08-22,3718,0
2025-08-23,2806,0
2025-08-24,2154,0
2025-08-25,4851,0
2025-08-26,4181,0
2025-08-27,3715,0
2025-08-28,4114,0
2025-08-29,3927,0
2025-08-30,2606,0
2025-08-31,2039,0
2025-09-01,4772,0
2025-09-02,4310,0
2025-09-03,3832,0
2025-09-04,3930,0
2025-09-05,3648,0
2025-09-06,2676,0
2025-09-07,2313,0
2025-09-08,4685,0
2025-09-09,4480,0
2025-09-10,4036,0
2025-09-11,3886,0
2025-09-12,3334,0
2025-09-13,2661,0
2025-09-14,2041,0
2025-09-15,4733,0
2025-09-16,3978,0
2025-09-17,3884,0
2025-09-18,3912,0
2025-09-19,3736,0
2025-09-20,2585,0
2025-09-21,1972,0
2025-09-22,4738,0
2025-09-23,4392,0
2025-09-24,3735,0
2025-09-25,3785,0
2025-09-26,3493,0
2025-09-27,2541,0
2025-09-28,2088,0
2025-09-29,4595,0
2025-09-30,4119,0
2025-10-01,3754,0
2025-10-02,1862,1
2025-10-03,3560,0
2025-10-04,2474,0
2025-10-05,1936,0
2025-10-06,4551,0
2025-10-07,4002,0
2025-10-08,3558,0
2025-10-09,3663,0
2025-10-10,3566,0
2025-10-11,2651,0
2025-10-12,2097,0
2025-10-13,4268,0
2025-10-14,3773,0
2025-10-15,3550,0
2025-10-16,3597,0
2025-10-17,3368,0
2025-10-18,2447,0
2025-10-19,1939,0
2025-10-20,4539,0
2025-10-21,3705,0
2025-10-22,3884,0
2025-10-23,3549,0
2025-10-24,3505,0
2025-10-25,2417,0
2025-10-26,1986,0
2025-10-27,4424,0
2025-10-28,4004,0
2025-10-29,3487,0
2025-10-30,3727,0
2025-10-31,3131,0
2025-11-01,2543,0
2025-11-02,1932,0
2025-11-03,4186,0
2025-11-04,4134,0
2025-11-05,3739,0
2025-11-06,3189,0
2025-11-07,3323,0
2025-11-08,2497,0
2025-11-09,1939,0
2025-11-10,4588,0
2025-11-11,4002,0
2025-11-12,3490,0
2025-11-13,3764,0
2025-11-14,3396,0
2025-11-15,2376,0
2025-11-16,1850,0
2025-11-17,4509,0
2025-11-18,3657,0
2025-11-19,3374,0
2025-11-20,3394,0
2025-11-21,3299,0
2025-11-22,2377,0
2025-11-23,1782,0
2025-11-24,4470,0
2025-11-25,3695,0
2025-11-26,3688,0
2025-11-27,3452,0
2025-11-28,3402,0
2025-11-29,2445,0
2025-11-30,1971,0
2025-12-01,4351,0
2025-12-02,3777,0
2025-12-03,3549,0
2025-12-04,3738,0
2025-12-05,3194,0
2025-12-06,2454,0
2025-12-07,1868,0
2025-12-08,4331,0
2025-12-09,3742,0
2025-12-10,3102,0
2025-12-11,3368,0
2025-12-12,3354,0
2025-12-13,2304,0
2025-12-14,1936,0
2025-12-15,4276,0
2025-12-16,3707,0
2025-12-17,3520,0
2025-12-18,3490,0
2025-12-19,3283,0
2025-12-20,2476,0
2025-12-21,1885,0
2025-12-22,3972,0
2025-12-23,3687,0
2025-12-24,3159,0
2025-12-25,1748,1
2025-12-26,3354,0
2025-12-27,2477,0
2025-12-28,1913,0
2025-12-29,4433,0
2025-12-30,3521,0
2025-12-31,3405,0
